StartDate,EndDate,Status,IPAddress,Progress,Duration (in seconds),Finished,RecordedDate,ResponseId,RecipientLastName,RecipientFirstName,RecipientEmail,ExternalReference,LocationLatitude,LocationLongitude,DistributionChannel,UserLanguage,Q14,Q114,Q114_1_TEXT,Q1,Q2,Q15,Q85,Q17,Q120,Q18,Q19,Q20,Q21,Q23,Q24,Q25,Q26,Q27,Q115,Q50,Q51,Q52,Q53,Q68,Q69,Q70,Q70_3_TEXT,Q71,Q34,Q93,Q37,Q95,Q87,Q92,Q40,Q40_3_TEXT,Q41,Q41_3_TEXT,Q111,Q42,Q42_3_TEXT,Q43,Q44,Q94,Q47,Q97,Q98,Q99,Q54,Q54_3_TEXT,Q55,Q55_3_TEXT,Q112,Q56,Q56_3_TEXT,Q57,Q57_3_TEXT,Q58,Q58_3_TEXT,Q59,Q59_3_TEXT,Q60,Q61,Q104,Q64,Q106,Q102,Q103,Q72,Q73,Q113,Q74,Q75,Q76,Q77,Q78,Q109,Q110,Q82,Q82_3_TEXT,Q101,Q107,Q108,Treatment Group
Start Date,End Date,Response Type,IP Address,Progress,Duration (in seconds),Finished,Recorded Date,Response ID,Recipient Last Name,Recipient First Name,Recipient Email,External Data Reference,Location Latitude,Location Longitude,Distribution Channel,User Language,"The Politics of Pre-Professional Play: an Analysis of Racial Attitudes and NCAA Amateurism K. Jared Young Princeton Political Science  Key information about the study: Your informed consent is being sought for research. Participation in the research is voluntary. The purpose of the research is to measure how much of an effect racial attitudes has on differing opinions about the right of NCAA athletes to payment, protest, and pandemic safety. The rationale behind my study is to understand how racial attitudes influence conceptions of college athlete payment, the right of college athletes to protest, and the requirement that college athletes play sports in the midst of a global pandemic, in order to more clearly and effectively illustrate exactly how racial attitudes play a role in political beliefs. This study will benefit society by providing a statistically significant look into the true nature of America's ""post-racial"" politics within the American electorate.   The expected duration of the subject's participation is 15 minutes. The procedures that the subject will be asked to follow in the research: Upon signing this consent form, you may be randomized into a control group, which mandates that you complete a short survey gauging your opinions on the rights of college athletes to payment, protest, and pandemic safety. Alternatively, you may be placed into a treatment group- in which you will read an article about a college athlete or retail shopping changes during the COVID-19 era , answer short questions about your racial attitudes, and then be prompted with a short survey gauging your opinions on the rights of college athletes to payment, protest, and pandemic safety. The reasonably foreseeable risks or discomforts to the subject as a result of participation: You may be made uncomfortable by the statements gauging your racial attitudes and you may have to disclose personal opinions of yours that may not be supported by the majority of the American public. Please note that all of your responses are entirely confidential. The benefits to the subject or to others, e.g., society that may reasonably be expected from the research: This study will benefit society by providing a statistically significant look into the true nature of America's ""post-racial"" politics within the American electorate.  Additional information about the study: Confidentiality:All responses gathered in this study will be kept completely confidential, protected by multi-factor authenticated data protection services and encrypted passcodes. All of your contact, name, and identifying information, beyond general identifying characteristics (e.g., race and education level), will remain entirely anonymous- as it will be impossible to link responses back to your specific personal information.  . Your responses will be kept private, and we will not include any information that will make it possible to identify you in any report we might publish. Research records will be stored securely in a locked cabinet and/or on password-protected computers. The research team will be the only party that will have access to your data.  Compensation:Survey completion may result in a compensation of $.25 Who to contact with questions: Principal Investigator: Jared Young- kjyoung@princeton.edu Thesis Adviser: Ismail White- iwhite@princeton.edu                                   If you have questions regarding your rights as a research subject, or if problems arise which you do not feel you can discuss with the Investigator, please contact the Institutional Review Board at: Assistant Director, Research Integrity and AssurancePhone: (609) 258-8543Email: irb@princeton.edu Summary:I understand the information that was presented and that: My participation is voluntary. Refusal to participate will involve no penalty or loss of benefits to which I am otherwise entitled. I may discontinue participation at any time without penalty or loss of benefits. I do not waive any legal rights or release Princeton University or its agents from liability for negligence. I hereby give my consent to be the subject of the research.",What is your unique Prolific ID - Selected Choice,What is your unique Prolific ID - Insert Below - Text,"Demographic Questions
What is your Race and Ethnicity (Select all that apply)?",What is your Gender?,How old are you?,What is the highest level of school you have completed or the highest degree you have received?,"Did you attend a ""Power Five"" (Big XII, Southeastern Conference, Atlantic Coast Conference, Big Ten, Pacific Twelve Conference) University in your undergraduate college education?",Are you a registered voter?,What your political party identification?,What is your political ideology?,Indicate your yearly household income level.,Are you a member of a worker's union?,Were/are you a College Athlete?,What college sport did you participate in?,"Was/is anyone related to you a college athlete or was/is any of your close friends a Power 5 (Big XII, Southeastern Conference, Atlantic Coast Conference, Big Ten, Pacific Twelve Conference) football or basketball college athlete?",What region of America are you from?,Indicate your level of support for National Collegiate Athletic Association (NCAA) D1 Football and Basketball Athletes,Indicate your level of support for NCAA Administrators,"Understanding Racial Attitudes
Indicate your level of support with the statement:
It is really a matter of some people not trying hard enough; if blacks would only try harder, they could be as well-off as whites”?","Indicate your level of support with this statement:
""Generations of slavery and discrimination have created conditions that make it difficult for blacks to work their way out of the lower class.""",Rate the extent to which Black Americans are lazy rather than hard working:,Rate the extent to which blacks are unintelligent rather than intelligent:,Do you think that what happens generally to the black people in this country will have something to do with what happens in your life?,"On the whole, would you say that the economic position of blacks is better, about the same, or worse than that of whites?",Do you agree with the statement “The American political system is set up to see Black Americans fail”? - Selected Choice,Do you agree with the statement “The American political system is set up to see Black Americans fail”? - Explain your opinion here. - Text,"In comparison to your own financial interests, how important are issues of race in your decision of who you support politically?","Payment, Protest, Pandemic Safety Questions
Do you think that college athletes should receive a salary in addition to their scholarship?","Do you agree or disagree with the following statement:
If college basketball and college football players were exclusively white, they would be paid.","Some people believe that college athletes should fully compete in games during the Coronavirus pandemic. Others believe that safety should come first, and it would be more wise to postpone college athletics until a cure to the virus is found.

Do you agree or disagree that college athletes should fully compete in games during the Coronavirus pandemic?","Do you agree or disagree with the following statement:
College athletes should have the right to protest against social injustice and utilize their platform to give voice to movements for political change.","Do you agree or disagree with the following statement:
College athletes should let their coaches speak for them, and focus on being student-athletes.","Do you agree or disagree with the following statement:
Safety should come first, and it would be more wise to postpone college athletics until a cure to the coronavirus is found","Post Article Questions The NCAA prohibits athletes from taking money, do you think that Jake Thomas violated NCAA rules? - Selected Choice","Post Article Questions The NCAA prohibits athletes from taking money, do you think that Jake Thomas violated NCAA rules? - Explain your opinion. - Text",Do you think it is fair for Jake Thomas to be suspended for the entire season? - Selected Choice,Do you think it is fair for Jake Thomas to be suspended for the entire season? - Explain your opinion - Text,Have you previously heard of Jake Thomas and his controversial status as football player at the University of Tennessee ?,Do you think that Jake Thomas should suffer a hit to his professional draft stock as a result of this instance? - Selected Choice,Do you think that Jake Thomas should suffer a hit to his professional draft stock as a result of this instance? - Explain your opinion - Text,Do you have any additional comments?,"Payment, Protest, Pandemic Safety Questions
Do you think that college athletes should receive a salary in addition to their scholarship?","Do you agree or disagree with the following statement:
""If college basketball and college football players were exclusively white, they would be paid.""","Some people believe that college athletes should fully compete in games during the Coronavirus pandemic. Others believe that safety should come first, and it would be more wise to postpone college athletics until a cure to the virus is found.

Do you agree or disagree that college athletes should fully compete in games during the Coronavirus pandemic?","Do you agree or disagree with the following statement:

College athletes should have the right to protest against social injustice and utilize their platform to give voice to movements for political change.","Do you agree or disagree with the following statement:
College athletes should let their coaches speak for them, and focus on being student-athletes.","Do you agree or disagree with the following statement:
Safety should come first, and it would be more wise to postpone college athletics until a cure to the coronavirus is found","Post Article Questions
The NCAA prohibits athletes from taking money, do you think that Jake Thomas violated NCAA rules? - Selected Choice","Post Article Questions
The NCAA prohibits athletes from taking money, do you think that Jake Thomas violated NCAA rules? - Explain your opinion - Text",Do you think it is fair for Jake Thomas to be suspended for the entire season? - Selected Choice,Do you think it is fair for Jake Thomas to be suspended for the entire season? - Explain your opinion - Text,Have you previously heard of Jake Thomas and his controversial status as football player at the University of Tennessee ?,Do you think that Jake Thomas should suffer a hit to his professional draft stock as a result of this instance? - Selected Choice,Do you think that Jake Thomas should suffer a hit to his professional draft stock as a result of this instance? - Explain your opinion - Text,"Even if Jake Thomas took compensation, do you think that he was wrong for doing so? - Selected Choice","Even if Jake Thomas took compensation, do you think that he was wrong for doing so? - Explain your opinion - Text",Do you think that Jake Thomas is being unfairly punished by the NCAA because of his ability and public image centered around his social consciousness? - Selected Choice,Do you think that Jake Thomas is being unfairly punished by the NCAA because of his ability and public image centered around his social consciousness? - Explain your opinion - Text,Do you think that Jake Thomas should have been less vocal about social injustice and the continuation of college athletics during the coronavirus pandemic? - Selected Choice,Do you think that Jake Thomas should have been less vocal about social injustice and the continuation of college athletics during the coronavirus pandemic? - Explain your opinion - Text,Do you have any additional comments?,"Payment, Protest, Pandemic Safety Questions
Do you think that college athletes, like the one pictured in this article, should receive a salary in addition to their scholarship?","Do you agree or disagree with the following statement:
If college basketball and college football players were exclusively white, they would be paid.","Some people believe that college athletes, like the one pictured in this article, should fully compete in games during the Coronavirus pandemic. Others believe that safety should come first, and it would be more wise to postpone college athletics until a cure to the virus is found.

Do you agree or disagree that college athletes, like the one pictured in this article, should fully compete in games during the Coronavirus pandemic?","Do you agree or disagree with the following statement:
College athletes, like the one pictured in this article, should have the right to protest against social injustice and utilize their platform to give voice to movements for political change.","Do you agree or disagree with the following statement:

College athletes, like the one pictured in this article, should let their coaches speak for them, and focus on being student-athletes.","Do you agree or disagree with the following statement:
Safety should come first, and it would be more wise to postpone college athletics until a cure to the coronavirus is found","Post Article Questions
The NCAA prohibits athletes from taking money, do you think that Jake Thomas violated NCAA rules?",Do you think it is fair for Jake Thomas to be suspended for the entire season?,Have you previously heard of Jake Thomas and his controversial status as football player at the University of Tennessee ?,Do you think that Jake Thomas should suffer a hit to his professional draft stock as a result of this instance?,"Even if Jake Thomas took compensation, do you think that he was wrong for doing so?",Do you think that Jake Thomas is being unfairly punished by the NCAA because of his ability and public image centered around his social consciousness?,Do you think that Jake Thomas should have been less vocal about social injustice and the continuation of college athletics during the coronavirus pandemic?,Do you have any additional comments?,"Payment, Protest, Pandemic Safety Questions
Do you think that college athletes, like the one pictured in this article, should receive a salary in addition to their scholarship?","Do you agree or disagree with the following statement:
 If college basketball and college football players were exclusively white, they would be paid.","Some people believe that college athletes, like the one pictured in this article, should fully compete in games during the Coronavirus pandemic. Others believe that safety should come first, and it would be more wise to postpone college athletics until a cure to the virus is found.

Do you agree or disagree that college athletes should fully compete in games during the Coronavirus pandemic? - Selected Choice","Some people believe that college athletes, like the one pictured in this article, should fully compete in games during the Coronavirus pandemic. Others believe that safety should come first, and it would be more wise to postpone college athletics until a cure to the virus is found.

Do you agree or disagree that college athletes should fully compete in games during the Coronavirus pandemic? - Explain your opinion. - Text","Do you agree or disagree with the following statement:
College athletes, like the one pictured in this article, should have the right to protest against social injustice and utilize their platform to give voice to movements for political change.","Do you agree or disagree with the following statement:

College athletes, like the one pictured in this article, should let their coaches speak for them, and focus on being student-athletes.","Do you agree or disagree with the following statement:
Safety should come first, and it would be more wise to postpone college athletics until a cure to the coronavirus is found",Treatment Group
2/11/21 15:29,2/11/21 15:37,Survey Preview,*******,100,476,TRUE,2/11/21 15:37,R_1Ne73KEcrgWYKQJ,*******,*******,*******,*******,*******,*******,preview,EN,"Yes, I give my consent to be the subject of the research.",,,Black or African-American,Male,21,,No,,Democrat,Liberal,50k-100k,No,Yes,Basketball,Yes,Mid Atlantic,Strongly Oppose,,,,,,Yes,Worse,Yes,,Extremely important,,,,,,,,,,,,,,,,,,,,,,,,,,,,,,,,,,,,,,,,,Yes,No,,No,No,Yes,Yes,,,,Disagree,,,,,
2/15/21 10:18,2/15/21 11:19,Survey Preview,*******,100,3700,TRUE,2/15/21 11:19,R_1DTQiiqKDouSikD,*******,*******,*******,*******,*******,*******,preview,EN,"Yes, I give my consent to be the subject of the research.",,,,,,,,,,,,,,,,,,,,,,,,,,,,,,,,,,,,,,,,,,,,,,,,,,,,,,,,,,,,,,,,,,,,,,,,,,,,,,,,,,,
2/18/21 21:52,2/18/21 22:10,IP Address,*******,100,1068,TRUE,2/18/21 22:10,R_9tvqK2xorGHNZjX,*******,*******,*******,*******,*******,*******,anonymous,EN,"Yes, I give my consent to be the subject of the research.",,,Black or African-American,Male,20,"Some College, No Diploma",,,Democrat,Liberal,25k-50k,No,No,,No,Mid Atlantic,Strongly Oppose,,Strongly disagree,Strongly agree,Moderately Hardworking,Extremely Intelligent,Yes,Worse,Yes,,Extremely important,,,,,,,,,,,,,,,,,,,,,Yes,,No,,,No,,No,,No,,No,,,Agree,Moderately Agree,Agree,Completely Agree,Moderately Disagree,Moderately Disagree,,,,,,,,,,,,,,,,
2/19/21 4:07,2/19/21 4:23,IP Address,*******,100,932,TRUE,2/19/21 4:23,R_XLq7FRYVKSiq4Zb,*******,*******,*******,*******,*******,*******,anonymous,EN,"Yes, I give my consent to be the subject of the research.",,,"White,Hispanic/Latinx",Female,20,"Some College, No Diploma",,,Democrat,Moderate,0k-24k,No,Yes,Soccer ,No,Southeast,Strongly Oppose,,Strongly disagree,Strongly agree,Extremely Hardworking,Extremely Intelligent,Yes,Worse,Yes,,Extremely important,,,,,,,"No,Explain your opinion.","I don't know, it doesn't seem like it's something he would do based on his elegant description, but he might've taken it still. ","Yes,Explain your opinion",If he did take the money I think it would be a fair consequence. ,,No,,,Disagree,Completely Disagree,Disagree,Completely Agree,Completely Disagree,Neither Agree Nor Disagree,,,,,,,,,,,,,,,,,,,,,,,,,,,,,,,,,,,,
2/19/21 10:12,2/19/21 13:27,IP Address,*******,100,11736,TRUE,2/19/21 13:27,R_3KwPpkiTUl2LlVG,*******,*******,*******,*******,*******,*******,anonymous,EN,"Yes, I give my consent to be the subject of the research.",,,White,Male,20,"Some College, No Diploma",,,Independent,Moderate,300k-500k,No,No,,No,Northeast,Strongly Oppose,,Strongly disagree,Strongly agree,Extremely Hardworking,Extremely Intelligent,Yes,Worse,Explain your opinion here.,"I don't believe the governmental structure is set up for blacks to fail. I believe that from the country's onset too many people have used their power given to them by the political system to push blacks down. It's not a matter of changing the system itself, but those that are in power.  ",Extremely important,Agree,Moderately Disagree,Agree,Completely Agree,Completely Disagree,Neither Agree Nor Disagree,,,,,,,,,,,,,,,,,,,,,,,,,,,,,,,,,,,,,,,,,,,,,,,,,,
2/22/21 10:17,2/22/21 10:24,IP Address,*******,100,454,TRUE,2/22/21 10:24,R_2bIRyZA9hEwOLuf,*******,*******,*******,*******,*******,*******,anonymous,EN,"Yes, I give my consent to be the subject of the research.",,,Black or African-American,Male,21,Bachelor's Degree,,,Democrat,Moderate,50k-100k,No,No,,No,Northeast,Strongly Oppose,,Strongly disagree,Strongly agree,Neutral,Neutral,Yes,Worse,Explain your opinion here.,"I wouldn't say set up to see them fail, but set up to make it very difficult for them to succeed and then celebrate with them when they do. Maybe even take credit.",Very important,,,,,,,,,,,,,,,,,,,,,,,,,,,,,,,,,,,,,,,,,Yes,Yes,,No,No,No,No,,Disagree,Completely Disagree,,,Completely Agree,Neither Agree Nor Disagree,Moderately Agree,
2/22/21 22:18,2/22/21 22:27,IP Address,*******,100,511,TRUE,2/22/21 22:27,R_2eao0JfvWfQ0yok,*******,*******,*******,*******,*******,*******,anonymous,EN,"Yes, I give my consent to be the subject of the research.",,,White,Male,23,"Some College, No Diploma",,,Independent,Moderate,0k-24k,No,Yes,Football,Yes,Mid Atlantic,Strongly Oppose,,Somewhat disagree,Somewhat agree,Moderately Hardworking,Neutral,Yes,Worse,Yes,,Moderately important,,,,,,,,,,,,,,,,,,,,,No,,No,,,No,,No,,No,,No,,,Agree,Completely Disagree,Disagree,Completely Agree,Moderately Disagree,Neither Agree Nor Disagree,,,,,,,,,,,,,,,,
2/23/21 20:25,2/23/21 20:29,IP Address,*******,100,241,TRUE,2/23/21 20:29,R_1GEox6hNf6uHWRu,*******,*******,*******,*******,*******,*******,anonymous,EN,"Yes, I give my consent to be the subject of the research.",,,"White,Hispanic/Latinx",Male,21,High School Degree or GED,,,Independent,Moderate,0k-24k,No,No,,No,Foreign Country,Strongly Oppose,,Strongly disagree,Strongly agree,Extremely Hardworking,Extremely Intelligent,Yes,Worse,Yes,,Very important,,,,,,,,,,,,,,,,,,,,,,,,,,,,,,,,,,,,,,,,,,,,,,,,,,,,,,,,
2/24/21 17:56,2/24/21 18:31,IP Address,*******,100,2109,TRUE,2/24/21 18:31,R_VOkP1s9oQX1BP4B,*******,*******,*******,*******,*******,*******,anonymous,EN,"Yes, I give my consent to be the subject of the research.",,,"White,Hispanic/Latinx",Male,24,Bachelor's Degree,,,Democrat,Moderate,50k-100k,No,No,,No,Northeast,Strongly Oppose,,Somewhat disagree,Strongly agree,Neutral,Neutral,Yes,Worse,Yes,"The political system, as it currently functions, is set up to make it more difficult for black people to succeed. This is based on a collection of factors: gerrymandering and voting restrictions limit representation, which hampers the ability to change laws that specifically target people of color for drug crimes, which they are more likely to be involved with because of systemic employment practices, mass incarceration, etc. making it more difficult for them to obtain work.",Very important,,,,,,,"No,Explain your opinion.","I think that it’s unclear, and very possible, that Jake received those gifts from his father—which he would have received, based on his father’s business success, whether he was a D1 athlete or not. If he just received them as gifts from family (which they appear to be), he should in no way be punished.","No,Explain your opinion","If the NCAA wants to make these serious allegations, it should either speed up its review process (to decide if suspension is appropriate). In the meantime, it should find another way to put him on some form of investigative probation, though I’m not sure what that would look like. But to suspend him indefinitely while the NCAA likely is dragging its feet on an investigation isn’t fair, especially since he can’t get this time back.",No,"No,Explain your opinion","Unless the allegations are proven true, than he should not suffer a hit on his draft stock. Unfortunately, it likely will affect his stock because teams may be hesitant to invest in a player that may bring media attention / media drama to its franchise.",,Agree,Neither Agree Nor Disagree,Disagree,Completely Agree,Moderately Disagree,Neither Agree Nor Disagree,,,,,,,,,,,,,,,,,,,,,,,,,,,,,,,,,,,,
2/22/21 4:39,2/25/21 14:23,IP Address,*******,100,294295,TRUE,2/25/21 14:23,R_1lrFn0hlR8frbO6,*******,*******,*******,*******,*******,*******,anonymous,EN,"Yes, I give my consent to be the subject of the research.",,,,,,,,,,,,,,,Yes,Northeast,Strongly Oppose,,Somewhat disagree,Neither agree nor disagree,Marginally Hardworking,Marginally Intelligent,Yes,Better,Yes,,Slightly important,Agree,Moderately Disagree,Disagree,Completely Disagree,Completely Disagree,Moderately Disagree,,,,,,,,,,,,,,,,,,,,,,,,,,,,,,,,,,,,,,,,,,,,,,,,,,
2/25/21 14:24,2/25/21 14:37,IP Address,*******,100,805,TRUE,2/25/21 14:37,R_1GHOSJYUlEhm5M4,*******,*******,*******,*******,*******,*******,anonymous,EN,"Yes, I give my consent to be the subject of the research.",,,"Black or African-American,Asian or Asian American",Male,45,"Some High School, No Diploma",,,Democrat,Conservative,0k-24k,Yes,Yes,bb,Yes,Northeast,Strongly Oppose,,,,,,Yes,,Yes,,Extremely important,,,,,,,,,,,,,,,,,,,,,,,,,,,,,,,,,,,,,,,,,,,,,,,,,,,,,,,,
2/25/21 14:37,2/25/21 14:41,IP Address,*******,100,210,TRUE,2/25/21 14:41,R_3qOkqyJ2ES1tO67,*******,*******,*******,*******,*******,*******,anonymous,EN,"Yes, I give my consent to be the subject of the research.",,,White,Male,88,"Some High School, No Diploma",,,Democrat,Conservative,0k-24k,Yes,Yes,kk,No,Northeast,,,Somewhat disagree,Somewhat disagree,,Moderately Intelligent,Yes,,,,,,,,,,,Yes,,Yes,,Yes,No,,n,Agree,Moderately Agree,Agree,Completely Disagree,Completely Disagree,Moderately Agree,,,,,,,,,,,,,,,,,,,,,,,,,,,,,,,,,,,,
2/25/21 15:38,2/25/21 16:09,IP Address,*******,100,1867,TRUE,2/25/21 16:09,R_2V1ngwqcp4J2In1,*******,*******,*******,*******,*******,*******,anonymous,EN,"Yes, I give my consent to be the subject of the research.",,,Black or African-American,Male,20,Bachelor's Degree,,,Independent,Moderate,300k-500k,No,No,,Yes,Southeast,Strongly Oppose,,Strongly disagree,Strongly agree,Moderately Hardworking,Neutral,Yes,Worse,Yes,"I don't like the phrasing of this, but I agree it isn't set up well for black ppl",Moderately important,,,,,,,,,,,,,,,,,,,,,,,,,,,,,,,,,,,,,,,,,Yes,No,No,No,No,,No,,Agree,Completely Disagree,"Disagree,Explain your opinion.","Not fully, some should",Completely Agree,Moderately Disagree,Neither Agree Nor Disagree,
2/28/21 14:55,2/28/21 15:13,IP Address,*******,100,1061,TRUE,2/28/21 15:13,R_3er7SDt4sWH9Ahv,*******,*******,*******,*******,*******,*******,anonymous,EN,"Yes, I give my consent to be the subject of the research.",,,Black or African-American,Male,20,"Some College, No Diploma",,,Democrat,Moderate,25k-50k,Yes,,,Yes,Mid Atlantic,Strongly Oppose,,Strongly disagree,Strongly agree,Extremely Hardworking,Extremely Intelligent,Yes,Worse,Explain your opinion here.,No matter how hard black Americans try they will always have to face problems that white American’s don’t  ,Very important,Agree,Neither Agree Nor Disagree,Agree,Completely Agree,Completely Disagree,Completely Disagree,,,,,,,,,,,,,,,,,,,,,,,,,,,,,,,,,,,,,,,,,,,,,,,,,,
2/28/21 17:38,2/28/21 17:49,IP Address,*******,100,673,TRUE,2/28/21 17:49,R_sI6XWtckEbla9Ql,*******,*******,*******,*******,*******,*******,anonymous,EN,"Yes, I give my consent to be the subject of the research.",,,"White,Hispanic/Latinx",Male,22,High School Degree or GED,,,Democrat,Moderate,0k-24k,No,,,Yes,Northeast,Strongly Oppose,,Somewhat disagree,Strongly agree,Moderately Hardworking,Moderately Intelligent,Yes,Worse,Yes,,Extremely important,Agree,Moderately Agree,Agree,Completely Agree,Completely Disagree,Completely Disagree,,,,,,,,,,,,,,,,,,,,,,,,,,,,,,,,,,,,,,,,,,,,,,,,,,
2/28/21 17:49,2/28/21 17:57,IP Address,*******,100,512,TRUE,2/28/21 17:57,R_2Bh3IhBAHGuCrVn,*******,*******,*******,*******,*******,*******,anonymous,EN,"Yes, I give my consent to be the subject of the research.",,,Black or African-American,Male,20,High School Degree or GED,,,Democrat,Liberal,50k-100k,No,,,No,Northeast,Strongly Oppose,,Strongly disagree,Strongly agree,Moderately Hardworking,Extremely Intelligent,Yes,Worse,Yes,,Very important,,,,,,,No,,No,,No,Yes,,,Agree,Neither Agree Nor Disagree,Agree,Completely Agree,Completely Disagree,Moderately Disagree,,,,,,,,,,,,,,,,,,,,,,,,,,,,,,,,,,,,
2/28/21 18:09,2/28/21 18:51,IP Address,*******,100,2516,TRUE,2/28/21 18:51,R_un1y9JS4ZC6LxLz,*******,*******,*******,*******,*******,*******,anonymous,EN,"Yes, I give my consent to be the subject of the research.",,,Black or African-American,Male,20,High School Degree or GED,,,Democrat,Liberal,25k-50k,No,,,Yes,Northeast,Somewhat Oppose,,Strongly disagree,Strongly agree,Moderately Hardworking,Extremely Intelligent,Yes,Worse,Explain your opinion here.,"The foundations of this country are built to systemically keep White people the dominant race. We may not have to fail, but it is a threat to be equal or higher than a white person.",Extremely important,,,,,,,,,,,,,,,,,,,,,No,,No,,No,No,,No,,Yes,,No,,,Agree,Moderately Agree,Disagree,Completely Agree,Completely Disagree,Completely Agree,,,,,,,,,,,,,,,,
2/28/21 20:22,2/28/21 20:36,IP Address,*******,100,859,TRUE,2/28/21 20:36,R_24OvPpEKj2I9rMa,*******,*******,*******,*******,*******,*******,anonymous,EN,"Yes, I give my consent to be the subject of the research.",,,Black or African-American,Male,21,Associate's Degree,,,Democrat,Liberal,50k-100k,No,,,Yes,Northeast,Strongly Oppose,,Strongly disagree,Strongly agree,Moderately Lazy,Moderately Intelligent,Yes,Worse,Explain your opinion here.,"Racism has transitioned from being “outright”, to systemic ",Extremely important,,,,,,,,,,,,,,,,,,,,,,,,,,,,,,,,,,,,,,,,,Yes,Yes,No,No,No,No,No,,Agree,Completely Agree,"Agree,Explain your opinion.","COVID-19 isn’t going away, we need to learn to live with it. It’s like the flu ",Completely Agree,Completely Disagree,Completely Disagree,
2/25/21 14:41,3/1/21 11:55,IP Address,*******,100,335649,TRUE,3/1/21 11:55,R_24zRDdPk40ucbAd,*******,*******,*******,*******,*******,*******,anonymous,EN,"Yes, I give my consent to be the subject of the research.",,,Hispanic/Latinx,Other,,"Professional Degree (PhD, JD, MD)",,,Democrat,Liberal,25k-50k,,Yes,,,,,,,,,,,,,,,,,,,,,,,,,,,,,,,,,,,Yes,,Yes,,No,Explain your opinion,,No,,Explain your opinion,,No,,,Agree,Moderately Disagree,Agree,Completely Agree,Neither Agree Nor Disagree,Completely Agree,,,,,,,,,,,,,,,,
3/1/21 11:55,3/1/21 12:00,IP Address,*******,100,286,TRUE,3/1/21 12:00,R_pSjrZ6lejx0lixP,*******,*******,*******,*******,*******,*******,anonymous,EN,"Yes, I give my consent to be the subject of the research.",Insert Below,8888,White,Female,,Associate's Degree,,,4,,25k-50k,Yes,,,Yes,Mid Atlantic,Strongly Oppose,,Neither agree nor disagree,Neither agree nor disagree,Marginally Hardworking,,Yes,Better,No,,Extremely important,,,,,,,,,,,,,,,,,,,,,,,,,,,,,,,,,,,,,,,,,No,No,Yes,Yes,Yes,Yes,Yes,,Agree,Completely Disagree,Disagree,,Neither Agree Nor Disagree,Neither Agree Nor Disagree,Neither Agree Nor Disagree,
3/1/21 9:15,3/1/21 18:24,IP Address,*******,100,32913,TRUE,3/1/21 18:24,R_24OvWlBt0AOyT8x,*******,*******,*******,*******,*******,*******,anonymous,EN,"Yes, I give my consent to be the subject of the research.",,,White,Female,21,High School Degree or GED,,,Independent,Moderate,50k-100k,No,,,Yes,Southeast,Strongly Oppose,,Strongly disagree,Strongly agree,Extremely Hardworking,Extremely Intelligent,Yes,Worse,Yes,,Extremely important,Agree,Neither Agree Nor Disagree,Agree,Completely Agree,Completely Disagree,Completely Disagree,,,,,,,,,,,,,,,,,,,,,,,,,,,,,,,,,,,,,,,,,,,,,,,,,,
3/1/21 18:30,3/1/21 18:51,IP Address,*******,100,1250,TRUE,3/1/21 18:51,R_3RqhtMXN2H0KK6l,*******,*******,*******,*******,*******,*******,anonymous,EN,"Yes, I give my consent to be the subject of the research.",,,White,Female,21,High School Degree or GED,,,Independent,Moderate,50k-100k,No,,,Yes,Southeast,Strongly Oppose,,Strongly disagree,Strongly agree,Extremely Hardworking,Extremely Intelligent,Yes,Worse,Yes,,Extremely important,,,,,,,,,,,,,,,,,,,,,Yes,,"No,Explain your opinion","While I do think that Jake Thomas blatantly violated NCAA rules, it was the coaches fault for offering these bribes in the first place. His coach initiated these illegal acts, and for an athlete an offer like this is uncomfortable to deny.  I think it's more fair to suspend him for a certain amount of games rather than an entire season that he really needs in order to get a good draft ranking. ",No,No,,No,,Yes,,No,,,Agree,Neither Agree Nor Disagree,Agree,Completely Agree,Completely Disagree,Completely Disagree,,,,,,,,,,,,,,,,
3/1/21 19:45,3/1/21 19:49,IP Address,*******,100,274,TRUE,3/1/21 19:49,R_8GmYRTzZhsTgN69,*******,*******,*******,*******,*******,*******,anonymous,EN,"Yes, I give my consent to be the subject of the research.",,,White,Female,19,"Some College, No Diploma",,,Republican,Moderate,500k+,No,,,No,Midwest,Strongly Oppose,,Strongly disagree,Strongly agree,Moderately Hardworking,Extremely Intelligent,Yes,Worse,Yes,,Very important,,,,,,,"Yes,Explain your opinion.",If he accepted those things then yes with the rules in place now he techinically did,No,,No,No,,,Agree,Moderately Disagree,Agree,Completely Agree,Completely Disagree,Completely Disagree,,,,,,,,,,,,,,,,,,,,,,,,,,,,,,,,,,,,
3/1/21 19:56,3/1/21 20:00,IP Address,*******,100,274,TRUE,3/1/21 20:00,R_0p3Q9EVw714RAI1,*******,*******,*******,*******,*******,*******,anonymous,EN,"Yes, I give my consent to be the subject of the research.",,,White,Female,19,High School Degree or GED,,,4,Conservative,300k-500k,No,,,No,Mid Atlantic,Strongly Oppose,,Strongly disagree,Somewhat agree,Neutral,Marginally Intelligent,Yes,Worse,No,,Very important,,,,,,,,,,,,,,,Disagree,Moderately Disagree,Disagree,Completely Agree,Moderately Disagree,Moderately Agree,,,,,,,,,,,,,,,,,,,,,,,,,,,,,,,,,,,,
3/1/21 12:47,3/2/21 12:05,IP Address,*******,100,83896,TRUE,3/2/21 12:05,R_6JMoz8eVE9o2J7X,*******,*******,*******,*******,*******,*******,anonymous,EN,"Yes, I give my consent to be the subject of the research.",,,,,,,,,,,,,,,,Northwest,,,,Somewhat disagree,,,,,,,,,,,,,,,,,,,,,,,,,,,,,,,,,,,,,,,,,,,,,,,,,,,,,,,,,,,,,,,
3/2/21 12:06,3/2/21 12:08,IP Address,*******,100,127,TRUE,3/2/21 12:08,R_3stwbzjkMe3TAOC,*******,*******,*******,*******,*******,*******,anonymous,EN,"Yes, I give my consent to be the subject of the research.",Insert Below,,Asian or Asian American,Male,,High School Degree or GED,,,Republican,Liberal,25k-50k,,,,,,,,,,,,No,Worse,No,,Extremely important,,,,,,,,,,,,,,,,,,,,,Yes,,Explain your opinion,,No,No,,No,,No,,Explain your opinion,,,Agree,Moderately Disagree,Disagree,Moderately Disagree,Completely Agree,Moderately Agree,,,,,,,,,,,,,,,,
3/1/21 19:48,3/1/21 19:53,IP Address,*******,81,298,FALSE,3/8/21 19:53,R_3gZcN7DAxxD1FVk,*******,*******,*******,*******,*******,*******,anonymous,EN,"Yes, I give my consent to be the subject of the research.",,,White,Female,19,"Some College, No Diploma",,,Republican,Conservative,0k-24k,No,,,Yes,Northeast,,,Somewhat disagree,Neither agree nor disagree,Extremely Hardworking,Extremely Intelligent,No,Worse,Explain your opinion here.,I don’t think it’s the political system I’d say it’s generational and the unfortunate circumstances are passed down ,Slightly important,,,,,,,,,,,,,,,,,,,,,,,,,,,,,,,,,,,,,,,,,,,,,,,,,,,,,,,,
3/10/21 21:28,3/10/21 21:32,IP Address,*******,100,279,TRUE,3/10/21 21:32,R_usTgIQDsmdehl3H,*******,*******,*******,*******,*******,*******,anonymous,EN,"Yes, I give my consent to be the subject of the research.",,,White,Male,24,"Some College, No Diploma",,Yes,Democrat,Moderate,300k-500k,No,,,No,Northeast,Strongly Support,Somewhat Oppose,Strongly disagree,Strongly agree,Extremely Hardworking,Extremely Intelligent,No,Worse,Yes,,Moderately important,,,,,,,Yes,,No,,No,No,,,Disagree,Neither Agree Nor Disagree,Disagree,Completely Agree,Completely Disagree,,,,,,,,,,,,,,,,,,,,,,,,,,,,,,,,,,,,,Race Neutral Control Group
3/10/21 21:28,3/10/21 21:35,IP Address,*******,100,403,TRUE,3/10/21 21:35,R_3JEPRMvV5Z0gtYQ,*******,*******,*******,*******,*******,*******,anonymous,EN,"Yes, I give my consent to be the subject of the research.",Insert Below,920191298,"White,Other",Female,22,High School Degree or GED,,No,Independent,Moderate,,No,,,No,Foreign Country,Neither Support Nor Oppose,Neither Support Nor Oppose,Strongly disagree,Somewhat agree,Extremely Hardworking,Extremely Intelligent,Yes,Worse,Yes,,Extremely important,,,,,,,,,,,,,,,,,,,,,Yes,,Explain your opinion,Need more details and hard evidence ,No,Explain your opinion,He’s worked hard to get where he is and journalism could be biased. Need more hard facts/evidence/research to determine impact it can have on him,Yes,,Explain your opinion,Depends how hard he is punished/evidence against him,No,,,Disagree,Completely Disagree,Disagree,Completely Agree,Completely Disagree,Moderately Agree,,,,,,,,,,,,,,,,Racial Resentment Treatment
3/10/21 22:20,3/10/21 22:20,IP Address,*******,100,6,TRUE,3/10/21 22:20,R_2AKnZx5YMHySP0B,*******,*******,*******,*******,*******,*******,anonymous,EN,"No, I do not want to participate",,,,,,,,,,,,,,,,,,,,,,,,,,,,,,,,,,,,,,,,,,,,,,,,,,,,,,,,,,,,,,,,,,,,,,,,,,,,,,,,,,,
3/10/21 23:49,3/10/21 23:54,IP Address,*******,100,277,TRUE,3/10/21 23:54,R_2PdJ8YYU8tqfrG2,*******,*******,*******,*******,*******,*******,anonymous,EN,"Yes, I give my consent to be the subject of the research.",,,White,Male,59,"Professional Degree (PhD, JD, MD)",,Yes,Democrat,Moderate,500k+,No,,,No,Northeast,Somewhat Support,Neither Support Nor Oppose,Strongly disagree,Somewhat agree,Moderately Hardworking,Extremely Intelligent,Yes,Worse,No,,Extremely important,Agree,Moderately Agree,Disagree,Completely Agree,Moderately Disagree,Completely Agree,,,,,,,,,,,,,,,,,,,,,,,,,,,,,,,,,,,,,,,,,,,,,,,,,,Retail Control Group
3/10/21 23:54,3/11/21 0:09,IP Address,*******,100,900,TRUE,3/11/21 0:09,R_e34bQa6Q3Ury28p,*******,*******,*******,*******,*******,*******,anonymous,EN,"Yes, I give my consent to be the subject of the research.",,,White,Male,22,Bachelor's Degree,,Yes,Democrat,Moderate,300k-500k,No,,,No,Mid Atlantic,Somewhat Support,Somewhat Oppose,Somewhat disagree,Strongly agree,Moderately Hardworking,Moderately Intelligent,Yes,Worse,,,Moderately important,,,,,,,,,,,,,,,,,,,,,,,,,,,,,,,,,,,,,,,,,Yes,No,No,No,Yes,No,No,"I said that Thomas was wrong for taking money because he violated the existing NCAA rules, even though I disagree with them. While not zero-sum, I felt it was unfair to players who followed the rules and did not accept payment.",Agree,Moderately Disagree,Agree,,Completely Agree,Completely Disagree,Moderately Disagree,Linked Fate Treatment
3/11/21 0:59,3/11/21 1:06,IP Address,*******,100,419,TRUE,3/11/21 1:06,R_AFnWrisyhcALnLH,*******,*******,*******,*******,*******,*******,anonymous,EN,"Yes, I give my consent to be the subject of the research.",,,White,Female,21,"Some College, No Diploma",,Yes,Democrat,Moderate,300k-500k,Yes,,,No,Foreign Country,Neither Support Nor Oppose,Neither Support Nor Oppose,Strongly disagree,Strongly agree,Neutral,Neutral,Yes,Worse,Yes,,Very important,,,,,,,,,,,,,,,,,,,,,,,,,,,,,,,,,,,,,,,,,Yes,Yes,No,No,Yes,No,No,,Disagree,Neither Agree Nor Disagree,Disagree,,Moderately Agree,Neither Agree Nor Disagree,Moderately Agree,Linked Fate Treatment
3/11/21 4:08,3/11/21 4:17,IP Address,*******,100,508,TRUE,3/11/21 4:17,R_zYBKGNCzI7Tt8Wt,*******,*******,*******,*******,*******,*******,anonymous,EN,"Yes, I give my consent to be the subject of the research.",,,White,Female,22,Bachelor's Degree,,Yes,Democrat,Liberal,0k-24k,No,,,Yes,Northeast,Strongly Oppose,Strongly Oppose,Strongly disagree,Strongly agree,Extremely Hardworking,Extremely Intelligent,Yes,Worse,Yes,,Extremely important,Agree,Moderately Agree,Disagree,Completely Agree,Completely Disagree,Completely Agree,,,,,,,,,,,,,,,,,,,,,,,,,,,,,,,,,,,,,,,,,,,,,,,,,,Retail Control Group
3/11/21 4:33,3/11/21 4:48,IP Address,*******,100,880,TRUE,3/11/21 4:48,R_cTjHRdo1cmThaaR,*******,*******,*******,*******,*******,*******,anonymous,EN,"Yes, I give my consent to be the subject of the research.",,,White,Female,37,Bachelor's Degree,,Yes,Democrat,Moderate,50k-100k,No,,,No,Northeast,Neither Support Nor Oppose,Neither Support Nor Oppose,Strongly disagree,Strongly agree,Moderately Hardworking,Extremely Intelligent,Yes,Worse,Yes,,Slightly important,,,,,,,,,,,,,,,,,,,,,"No,Explain your opinion","Family business happens to be sports related, no intentional misconduct. ","No,Explain your opinion",Shouldn't punish a child for who the parent is and their business affiliation,No,No,,No,,Yes,,No,,,Disagree,Moderately Disagree,Agree,Moderately Agree,Moderately Disagree,Moderately Disagree,,,,,,,,,,,,,,,,Racial Resentment Treatment
3/11/21 5:27,3/11/21 5:32,IP Address,*******,100,330,TRUE,3/11/21 5:32,R_3fkoBLifsXRBgid,*******,*******,*******,*******,*******,*******,anonymous,EN,"Yes, I give my consent to be the subject of the research.",Insert Below,920209655,Black or African-American,Male,21,High School Degree or GED,,Yes,Democrat,Moderate,50k-100k,No,,,No,Northeast,Strongly Support,Somewhat Oppose,Strongly disagree,Strongly agree,Extremely Hardworking,Extremely Intelligent,Yes,Worse,No,,Moderately important,,,,,,,No,,No,,No,No,,,Agree,Moderately Disagree,Agree,Completely Agree,Completely Disagree,Completely Disagree,,,,,,,,,,,,,,,,,,,,,,,,,,,,,,,,,,,,Race Neutral Control Group
3/11/21 5:37,3/11/21 5:43,IP Address,*******,100,340,TRUE,3/11/21 5:43,R_27asyzZEQA3Q46H,*******,*******,*******,*******,*******,*******,anonymous,EN,"Yes, I give my consent to be the subject of the research.",,,White,Male,23,Bachelor's Degree,,No,Democrat,Moderate,300k-500k,No,,,No,Foreign Country,Neither Support Nor Oppose,Somewhat Oppose,Strongly disagree,Strongly agree,Neutral,Neutral,Yes,Worse,Yes,,Moderately important,Agree,Moderately Disagree,Disagree,Completely Agree,Moderately Disagree,Moderately Agree,,,,,,,,,,,,,,,,,,,,,,,,,,,,,,,,,,,,,,,,,,,,,,,,,,Retail Control Group
3/11/21 6:52,3/11/21 7:20,IP Address,*******,100,1666,TRUE,3/11/21 7:20,R_3dDMKeAv0QUH5bj,*******,*******,*******,*******,*******,*******,anonymous,EN,"Yes, I give my consent to be the subject of the research.",,,Black or African-American,Male,44,"Some College, No Diploma",,Yes,Democrat,Moderate,50k-100k,No,,,Yes,Mid Atlantic,Somewhat Support,Somewhat Support,Neither agree nor disagree,Strongly agree,Neutral,Extremely Intelligent,Yes,Worse,Yes,,Not at all important,,,,,,,,,,,,,,,,,,,,,,,,,,,,,,,,,,,,,,,,,Yes,Yes,Yes,No,Yes,No,No,,Agree,Neither Agree Nor Disagree,Agree,,Moderately Agree,Neither Agree Nor Disagree,Moderately Disagree,Linked Fate Treatment
3/11/21 7:02,3/11/21 7:21,IP Address,*******,100,1176,TRUE,3/11/21 7:21,R_27Vh3IrngEWAzih,*******,*******,*******,*******,*******,*******,anonymous,EN,"Yes, I give my consent to be the subject of the research.",,,Black or African-American,Male,23,Bachelor's Degree,,Yes,Democrat,Liberal,50k-100k,No,,,Yes,Mid Atlantic,Strongly Support,Strongly Support,Strongly disagree,Strongly agree,Moderately Hardworking,Extremely Intelligent,Yes,Worse,Yes,,Very important,,,,,,,,,,,,,,,,,,,,,No,,No,,No,No,,Explain your opinion,"I don’t think Jake is wrong for taking money, but I don’t think he should’ve. Although the rules regarding this issue are very overdue for revision, I don’t think an athlete with that high of draft stock should jeopardize his future, especially since it seems his family has moderate means to support him financially. The $20MM+ he’d be making as a top pick dwarfs the gifts he received so it’s risk/reward. ",No,,No,,,Disagree,Completely Disagree,Disagree,Completely Agree,Moderately Disagree,Moderately Disagree,,,,,,,,,,,,,,,,Racial Resentment Treatment
3/11/21 4:57,3/11/21 8:06,IP Address,*******,100,11320,TRUE,3/11/21 8:06,R_3PC8Bz1DxSQ6EcU,*******,*******,*******,*******,*******,*******,anonymous,EN,"Yes, I give my consent to be the subject of the research.",,,Asian or Asian American,Male,,Bachelor's Degree,,No,,Conservative,500k+,No,,,No,Foreign Country,Strongly Oppose,Strongly Oppose,Strongly agree,Strongly disagree,Extremely Lazy,Extremely Unintelligent,No,Same,No,,Not at all important,,,,,,,Yes,,Yes,,No,Yes,,,Disagree,Completely Disagree,Disagree,Neither Agree Nor Disagree,Moderately Disagree,Completely Agree,,,,,,,,,,,,,,,,,,,,,,,,,,,,,,,,,,,,Race Neutral Control Group
3/11/21 8:18,3/11/21 8:33,IP Address,*******,100,880,TRUE,3/11/21 8:33,R_12G76lhmQzpIdJf,*******,*******,*******,*******,*******,*******,anonymous,EN,"Yes, I give my consent to be the subject of the research.",,,White,Female,42,"Some College, No Diploma",,Yes,Republican,Moderate,50k-100k,No,,,No,Northeast,Somewhat Support,Neither Support Nor Oppose,Strongly disagree,Somewhat agree,Neutral,Neutral,No,Same,Explain your opinion here.,Both blacks and whites can fail just as easily as they can both succeed.  Nothing is handed to anyone.  You need to work for what you get.,Not at all important,,,,,,,,,,,,,,,,,,,,,,,,,,,,,,,,,,,,,,,,,Yes,No,No,No,Yes,No,No,,Disagree,Completely Disagree,"Disagree,Explain your opinion.",Coronavirus is a scary thing that we don't know much about.  I think once all athletes have the choice/ability to get vaccinated...at that point they should fully compete.,Moderately Agree,Completely Disagree,Neither Agree Nor Disagree,Linked Fate Treatment
3/11/21 6:54,3/11/21 8:41,IP Address,*******,100,6433,TRUE,3/11/21 8:41,R_1HbGnNB5sLIKLm1,*******,*******,*******,*******,*******,*******,anonymous,EN,"Yes, I give my consent to be the subject of the research.",,,"White,Black or African-American",Female,22,"Some College, No Diploma",,Yes,Democrat,Liberal,0k-24k,No,,,No,Foreign Country,Somewhat Support,Somewhat Support,Strongly disagree,Strongly agree,Moderately Hardworking,Moderately Intelligent,Yes,Worse,Yes,,Extremely important,,,,,,,,,,,,,,,,,,,,,,,,,,,,,,,,,,,,,,,,,Yes,Yes,No,No,Yes,No,No,"The NCAA is extremely clear about their rules in regard to accepting payment of any sort whilst a collegiate athlete. Jake would have been aware of this and so it is only fair that he is punished for it. The punishments for disobeying the rules are also clearly communicated to student athletes, before, after and during their time at college. ",Disagree,Moderately Disagree,Explain your opinion.,"If necessary precautions are taken then athletes should be able to compete. However, this does pose the issue of special treatment being given to athletes. As a college athlete, I would like to compete this season, but I understand why this is not possible. ",Completely Agree,Moderately Disagree,Moderately Agree,Linked Fate Treatment
3/11/21 0:20,3/11/21 9:17,IP Address,*******,100,32234,TRUE,3/11/21 9:17,R_eXMYc51p4y23vYB,*******,*******,*******,*******,*******,*******,anonymous,EN,"Yes, I give my consent to be the subject of the research.",,,Black or African-American,Female,40,Bachelor's Degree,,Yes,Democrat,Conservative,50k-100k,Yes,,,Yes,West Coast,Neither Support Nor Oppose,Neither Support Nor Oppose,Strongly disagree,Strongly agree,Extremely Hardworking,Extremely Intelligent,Yes,Worse,Explain your opinion here.,There are systematic injustices built in to our governmental set up that can be bias or pointed in a way that leaves African Americans at a significant disadvantage ,Extremely important,,,,,,,,,,,,,,,,,,,,,"No,Explain your opinion","If he knowingly took it from the NCAA then yes, but the lines seemed to be blurred through his father who also had a successful business whereby the athlete may have assumed they were coming from his father. ","Yes,No,Explain your opinion",Not if they come to the conclusion that he truly didn't know.,No,"No,Explain your opinion",If he wasn't aware he shouldn't be punished. Those involved should be the ones who are held accountable ,"No,Explain your opinion","Not if the compensation seemed to be coming from another source. If it was clear that it was related to the NCAA, then absolutely he violated the rules.","Yes,Explain your opinion","He is a name/face that can be recognized by those who follow the sport, and a way to deter others.",Explain your opinion,I don't know enough about that part to answer,,Disagree,Neither Agree Nor Disagree,Disagree,Completely Agree,Moderately Disagree,Moderately Agree,,,,,,,,,,,,,,,,Racial Resentment Treatment
3/11/21 10:29,3/11/21 11:24,IP Address,*******,100,3305,TRUE,3/11/21 11:24,R_TvLfcMBN5L9wBCV,*******,*******,*******,*******,*******,*******,anonymous,EN,"Yes, I give my consent to be the subject of the research.",,,White,,20,"Some College, No Diploma",,Yes,Democrat,Moderate,500k+,No,,,No,Northeast,Strongly Support,Neither Support Nor Oppose,Neither agree nor disagree,Neither agree nor disagree,Moderately Hardworking,Moderately Intelligent,Yes,Worse,Explain your opinion here.,"I think that that is an extremely harsh statement - the American political system was founded during a time when there were horrible things happening to Black Americans, but in modern America I believe that no race is outright discriminated against within the US political system.",Very important,,,,,,,,,,,,,,,,,,,,,Yes,,No,,No,No,,No,,Yes,,No,,,Agree,Completely Disagree,Agree,Completely Agree,Completely Disagree,Neither Agree Nor Disagree,,,,,,,,,,,,,,,,Racial Resentment Treatment
3/11/21 16:05,3/11/21 16:23,IP Address,*******,100,1088,TRUE,3/11/21 16:23,R_PAok4ctFDU5X1YJ,*******,*******,*******,*******,*******,*******,anonymous,EN,"Yes, I give my consent to be the subject of the research.",,,Black or African-American,Female,68,Bachelor's Degree,,Yes,Democrat,Moderate,50k-100k,No,,,Yes,Northeast,Neither Support Nor Oppose,Neither Support Nor Oppose,Strongly disagree,Somewhat agree,Extremely Hardworking,Extremely Intelligent,Yes,Worse,Explain your opinion here.,Whites have been in the majority long enough to create and pass laws that favor themselves. ,Moderately important,,,,,,,Yes,,Yes,,No,Yes,,,Disagree,Moderately Agree,Disagree,Completely Agree,Completely Disagree,Moderately Agree,,,,,,,,,,,,,,,,,,,,,,,,,,,,,,,,,,,,Race Neutral Control Group
3/11/21 19:13,3/11/21 19:24,IP Address,*******,100,624,TRUE,3/11/21 19:24,R_3iPw9rkI5trR5Xc,*******,*******,*******,*******,*******,*******,anonymous,EN,"Yes, I give my consent to be the subject of the research.",,,White,Male,20,"Some College, No Diploma",,Yes,Republican,Moderate,300k-500k,No,,,No,Northeast,Strongly Support,Somewhat Oppose,Strongly disagree,Strongly agree,Neutral,Neutral,Yes,Worse,Explain your opinion here.,The system is set up against poor minorities. Black Americans hold a significant population in that category. ,Very important,Agree,Completely Disagree,Agree,Moderately Agree,Moderately Disagree,Moderately Disagree,,,,,,,,,,,,,,,,,,,,,,,,,,,,,,,,,,,,,,,,,,,,,,,,,,Retail Control Group
3/12/21 9:30,3/12/21 9:34,IP Address,*******,100,216,TRUE,3/12/21 9:34,R_urnBL6FO7qtsXtf,*******,*******,*******,*******,*******,*******,anonymous,EN,"Yes, I give my consent to be the subject of the research.",,,Asian or Asian American,Female,20,"Some College, No Diploma",,Yes,Democrat,Liberal,50k-100k,No,,,No,Mid Atlantic,Neither Support Nor Oppose,Neither Support Nor Oppose,Strongly disagree,Strongly agree,Neutral,Neutral,Yes,Worse,Yes,,Very important,,,,,,,Yes,,Yes,,No,No,,,Disagree,Neither Agree Nor Disagree,Disagree,Completely Agree,Completely Disagree,Moderately Agree,,,,,,,,,,,,,,,,,,,,,,,,,,,,,,,,,,,,Race Neutral Control Group
3/12/21 9:40,3/12/21 9:43,IP Address,*******,100,193,TRUE,3/12/21 9:43,R_2zwFIsHkHuPKYom,*******,*******,*******,*******,*******,*******,anonymous,EN,"Yes, I give my consent to be the subject of the research.",,,White,Female,20,"Some College, No Diploma",,Yes,Democrat,Moderate,25k-50k,No,,,No,Midwest,Neither Support Nor Oppose,Neither Support Nor Oppose,Strongly disagree,Strongly agree,Neutral,Neutral,Yes,Worse,Yes,,Very important,Agree,Neither Agree Nor Disagree,Disagree,Completely Agree,Completely Disagree,Completely Agree,,,,,,,,,,,,,,,,,,,,,,,,,,,,,,,,,,,,,,,,,,,,,,,,,,Retail Control Group
3/12/21 9:41,3/12/21 9:45,IP Address,*******,100,253,TRUE,3/12/21 9:45,R_zYa7IC4sc7c3HB7,*******,*******,*******,*******,*******,*******,anonymous,EN,"Yes, I give my consent to be the subject of the research.",,,Asian or Asian American,Male,21,High School Degree or GED,,Yes,Democrat,Liberal,25k-50k,No,,,No,Midwest,Neither Support Nor Oppose,Neither Support Nor Oppose,Strongly disagree,Strongly agree,Moderately Hardworking,Moderately Intelligent,Yes,Worse,Yes,,Very important,Agree,Moderately Agree,Disagree,Completely Agree,Completely Disagree,Completely Agree,,,,,,,,,,,,,,,,,,,,,,,,,,,,,,,,,,,,,,,,,,,,,,,,,,Retail Control Group
3/12/21 9:49,3/12/21 9:53,IP Address,*******,100,256,TRUE,3/12/21 9:53,R_2bTu84hmGcpIEUd,*******,*******,*******,*******,*******,*******,anonymous,EN,"Yes, I give my consent to be the subject of the research.",,,White,Female,21,High School Degree or GED,,Yes,Democrat,Liberal,25k-50k,No,,,No,Northeast,Somewhat Oppose,Strongly Oppose,Strongly disagree,Strongly agree,Neutral,Neutral,No,Worse,Yes,,Extremely important,,,,,,,Yes,,No,,No,Yes,,"i misanswered the last one, i meant that he shouldn't but he probably did",Agree,Completely Agree,Disagree,Completely Agree,Completely Disagree,Completely Agree,,,,,,,,,,,,,,,,,,,,,,,,,,,,,,,,,,,,Race Neutral Control Group
3/12/21 9:42,3/12/21 9:55,IP Address,*******,100,783,TRUE,3/12/21 9:55,R_2BlLvVVvR4X8ZCh,*******,*******,*******,*******,*******,*******,anonymous,EN,"Yes, I give my consent to be the subject of the research.",Insert Below,Nasera ,White,Male,20,"Some College, No Diploma",,Yes,Independent,Liberal,0k-24k,No,,,No,Midwest,Neither Support Nor Oppose,Neither Support Nor Oppose,Strongly disagree,Strongly agree,Moderately Hardworking,Marginally Intelligent,Yes,Worse,Explain your opinion here.,Systemic injustice. Drug laws outlaw substances more prevalent in black communities. Policing unfairly places extra scrutiny on black communities. The judicial system is less accommodating and blacks with a criminal record are far more disadvantaged in getting a job— a cycle of poverty. Even with no criminal record blacks are disadvantaged compared to white applicants. There’s also regular old racism that makes African Americans feel out of place and damages their subjective well-being and increases their stress— which is already high cuz many are struggling with poverty,Extremely important,,,,,,,,,,,,,,,,,,,,,"Yes,Explain your opinion","There are pretty clear rules and while they may be unfair, while they are in place he has violated the rules","No,Explain your opinion",An entire season is a devastating punishment— too excessive,No,"Yes,Explain your opinion",This would be seen as a blemish on his record and he might cause PR troubles for any team that drafts him,"No,Explain your opinion",I don’t think the NCAA has any say in these matters and so this shouldn’t concern them,"No,Explain your opinion",This is a tough question. I leaned toward yes but ultimately the rule was violated so they can be expected to enforce it. If others have gotten away with it who weren’t outspoken then the argument could be made that this was political,"No,Explain your opinion",Now is the absolute best time to fight for justice,,Agree,Moderately Agree,Disagree,Completely Agree,Completely Disagree,Completely Agree,,,,,,,,,,,,,,,,Racial Resentment Treatment
3/12/21 10:00,3/12/21 10:05,IP Address,*******,100,286,TRUE,3/12/21 10:05,R_02tUmZrfN5gxvbP,*******,*******,*******,*******,*******,*******,anonymous,EN,"Yes, I give my consent to be the subject of the research.",,,White,Female,20,"Some College, No Diploma",,Yes,Democrat,Liberal,,No,,,No,Midwest,Neither Support Nor Oppose,Neither Support Nor Oppose,Strongly disagree,Strongly agree,Neutral,Neutral,Yes,Worse,Yes,,Moderately important,,,,,,,,,,,,,,,,,,,,,,,,,,,,,,,,,,,,,,,,,Yes,Yes,No,No,No,No,No,,Agree,Moderately Disagree,Disagree,,Completely Agree,Completely Disagree,Moderately Agree,Linked Fate Treatment
3/12/21 10:02,3/12/21 10:05,IP Address,*******,100,163,TRUE,3/12/21 10:05,R_6AofolYSpA3Oqjf,*******,*******,*******,*******,*******,*******,anonymous,EN,"Yes, I give my consent to be the subject of the research.",,,Other,Male,22,"Some College, No Diploma",,No,Democrat,Moderate,50k-100k,No,,,No,West Coast,Neither Support Nor Oppose,Neither Support Nor Oppose,Neither agree nor disagree,Neither agree nor disagree,Neutral,Neutral,No,Worse,Explain your opinion here.,it is unjust and unfair,Moderately important,,,,,,,,,,,,,,,,,,,,,No,,No,,Yes,Yes,,No,,No,,Yes,,,Agree,Neither Agree Nor Disagree,Agree,Neither Agree Nor Disagree,Neither Agree Nor Disagree,Neither Agree Nor Disagree,,,,,,,,,,,,,,,,Racial Resentment Treatment
3/12/21 10:04,3/12/21 10:10,IP Address,*******,100,368,TRUE,3/12/21 10:10,R_1eQMg5Sc2Bd76MZ,*******,*******,*******,*******,*******,*******,anonymous,EN,"Yes, I give my consent to be the subject of the research.",,,White,Female,20,"Some College, No Diploma",,Yes,Democrat,Liberal,0k-24k,No,,,No,Northeast,Neither Support Nor Oppose,Neither Support Nor Oppose,Strongly disagree,Strongly agree,Extremely Hardworking,Extremely Intelligent,Yes,Worse,Yes,,Extremely important,Agree,Neither Agree Nor Disagree,Disagree,Completely Agree,Completely Disagree,Completely Agree,,,,,,,,,,,,,,,,,,,,,,,,,,,,,,,,,,,,,,,,,,,,,,,,,,Retail Control Group
3/12/21 9:53,3/12/21 10:12,IP Address,*******,100,1149,TRUE,3/12/21 10:12,R_2CmiQB6H62TFdJV,*******,*******,*******,*******,*******,*******,anonymous,EN,"Yes, I give my consent to be the subject of the research.",,,White,Female,21,"Some College, No Diploma",,Yes,Independent,Liberal,50k-100k,No,,,No,Northwest,Strongly Support,Strongly Support,Strongly disagree,Strongly agree,Extremely Hardworking,Neutral,Yes,Worse,Yes,,Moderately important,,,,,,,,,,,,,,,,,,,,,,,,,,,,,,,,,,,,,,,,,Yes,No,No,No,Yes,No,No,,Agree,Moderately Disagree,Agree,,Completely Agree,Completely Disagree,Moderately Disagree,Linked Fate Treatment
3/12/21 10:09,3/12/21 10:13,IP Address,*******,100,286,TRUE,3/12/21 10:13,R_1ojNRLFr22Zr30R,*******,*******,*******,*******,*******,*******,anonymous,EN,"Yes, I give my consent to be the subject of the research.",,,Asian or Asian American,Female,19,High School Degree or GED,,Yes,Democrat,Liberal,50k-100k,No,,,No,Mid Atlantic,Neither Support Nor Oppose,Neither Support Nor Oppose,Somewhat disagree,Strongly agree,Moderately Hardworking,Moderately Intelligent,Yes,Worse,Yes,,Very important,,,,,,,,,,,,,,,,,,,,,,,,,,,,,,,,,,,,,,,,,Yes,Yes,No,Yes,No,Yes,No,,Disagree,Neither Agree Nor Disagree,Disagree,,Completely Agree,Moderately Disagree,Completely Agree,Linked Fate Treatment
3/12/21 10:19,3/12/21 10:22,IP Address,*******,100,181,TRUE,3/12/21 10:22,R_WpOdM1FMLJ4jmhP,*******,*******,*******,*******,*******,*******,anonymous,EN,"Yes, I give my consent to be the subject of the research.",,,Asian or Asian American,Male,18,"Some College, No Diploma",,Yes,Democrat,Liberal,50k-100k,No,,,No,Northeast,Somewhat Support,Somewhat Oppose,Strongly disagree,Strongly agree,Moderately Hardworking,Moderately Intelligent,Yes,Worse,Yes,,Very important,,,,,,,Yes,,No,,No,No,,,Agree,Neither Agree Nor Disagree,Disagree,Completely Agree,Moderately Disagree,Moderately Agree,,,,,,,,,,,,,,,,,,,,,,,,,,,,,,,,,,,,Race Neutral Control Group
3/12/21 10:42,3/12/21 10:45,IP Address,*******,100,203,TRUE,3/12/21 10:45,R_2QAtq1AHr4Cfn1X,*******,*******,*******,*******,*******,*******,anonymous,EN,"Yes, I give my consent to be the subject of the research.",,,Asian or Asian American,Female,19,"Some College, No Diploma",,Yes,Independent,Liberal,50k-100k,No,,,Yes,Southwest,Somewhat Support,Neither Support Nor Oppose,Strongly disagree,Strongly agree,Moderately Hardworking,Extremely Intelligent,Yes,Worse,Yes,,Extremely important,Agree,Moderately Agree,Disagree,Completely Agree,Moderately Disagree,Completely Agree,,,,,,,,,,,,,,,,,,,,,,,,,,,,,,,,,,,,,,,,,,,,,,,,,,Retail Control Group
3/12/21 10:42,3/12/21 10:47,IP Address,*******,100,300,TRUE,3/12/21 10:47,R_2QSURuQeClO2XfV,*******,*******,*******,*******,*******,*******,anonymous,EN,"Yes, I give my consent to be the subject of the research.",,,"White,Asian or Asian American",Female,19,"Some College, No Diploma",,Yes,Democrat,Liberal,300k-500k,No,,,No,Southwest,Neither Support Nor Oppose,Neither Support Nor Oppose,Strongly disagree,Strongly agree,Extremely Hardworking,Extremely Intelligent,Yes,Worse,Yes,,Very important,,,,,,,,,,,,,,,,,,,,,Yes,,No,,No,No,,No,,No,,No,,,Disagree,Moderately Disagree,Disagree,Completely Agree,Moderately Disagree,Moderately Agree,,,,,,,,,,,,,,,,Racial Resentment Treatment
3/12/21 10:56,3/12/21 10:59,IP Address,*******,100,177,TRUE,3/12/21 10:59,R_31KopovOMb28gF9,*******,*******,*******,*******,*******,*******,anonymous,EN,"Yes, I give my consent to be the subject of the research.",,,Asian or Asian American,Female,18,High School Degree or GED,,Yes,Independent,Moderate,50k-100k,No,,,No,Southeast,Somewhat Support,Neither Support Nor Oppose,Somewhat disagree,Somewhat agree,Marginally Hardworking,Neutral,Yes,Worse,No,,Moderately important,,,,,,,,,,,,,,,,,,,,,,,,,,,,,,,,,,,,,,,,,No,No,No,No,No,Yes,Yes,,Agree,Moderately Disagree,Disagree,,Completely Agree,Moderately Disagree,Completely Agree,Linked Fate Treatment
3/12/21 11:07,3/12/21 11:12,IP Address,*******,100,305,TRUE,3/12/21 11:13,R_1mC2hNjn4hdLbC2,*******,*******,*******,*******,*******,*******,anonymous,EN,"Yes, I give my consent to be the subject of the research.",,,White,Female,20,"Some College, No Diploma",,Yes,Independent,Moderate,0k-24k,No,,,No,Midwest,Neither Support Nor Oppose,Neither Support Nor Oppose,Strongly disagree,Strongly agree,Neutral,Neutral,No,Worse,Yes,,Slightly important,,,,,,,No,,No,,No,No,,,Agree,Neither Agree Nor Disagree,Disagree,Completely Agree,Completely Disagree,Completely Agree,,,,,,,,,,,,,,,,,,,,,,,,,,,,,,,,,,,,Race Neutral Control Group
3/12/21 12:11,3/12/21 12:18,IP Address,*******,100,413,TRUE,3/12/21 12:18,R_3s6VMKv2vNW7fo6,*******,*******,*******,*******,*******,*******,anonymous,EN,"Yes, I give my consent to be the subject of the research.",,,White,Female,19,High School Degree or GED,,Yes,Democrat,Liberal,50k-100k,No,,,No,Northeast,Neither Support Nor Oppose,Neither Support Nor Oppose,Strongly disagree,Strongly agree,Moderately Hardworking,Moderately Intelligent,Yes,Worse,Yes,,Very important,,,,,,,,,,,,,,,,,,,,,Yes,,Explain your opinion,Unsure,No,No,,No,,No,,No,,,Agree,Moderately Disagree,Disagree,Completely Agree,Completely Disagree,Neither Agree Nor Disagree,,,,,,,,,,,,,,,,Racial Resentment Treatment
3/12/21 13:46,3/12/21 13:50,IP Address,*******,100,268,TRUE,3/12/21 13:50,R_2pWzLN6DLkBYk9X,*******,*******,*******,*******,*******,*******,anonymous,EN,"Yes, I give my consent to be the subject of the research.",,,Asian or Asian American,Male,21,"Some College, No Diploma",,Yes,Democrat,Liberal,50k-100k,No,,,No,Northeast,Somewhat Oppose,Strongly Oppose,Strongly disagree,Strongly agree,Neutral,Neutral,No,Worse,Yes,,Moderately important,Agree,Moderately Disagree,Disagree,Completely Agree,Completely Disagree,Completely Agree,,,,,,,,,,,,,,,,,,,,,,,,,,,,,,,,,,,,,,,,,,,,,,,,,,Retail Control Group
3/12/21 11:32,3/12/21 14:25,IP Address,*******,100,10377,TRUE,3/12/21 14:25,R_33g0C8In3h98JOZ,*******,*******,*******,*******,*******,*******,anonymous,EN,"Yes, I give my consent to be the subject of the research.",,,Asian or Asian American,Female,20,"Some College, No Diploma",,Yes,Democrat,Liberal,50k-100k,No,,,No,Southeast,Somewhat Support,Neither Support Nor Oppose,Strongly disagree,Strongly agree,Moderately Hardworking,Moderately Intelligent,Yes,Worse,Yes,,Very important,,,,,,,No,,No,,No,No,,,Agree,Moderately Disagree,Disagree,Completely Disagree,Moderately Disagree,Completely Agree,,,,,,,,,,,,,,,,,,,,,,,,,,,,,,,,,,,,Race Neutral Control Group
3/12/21 14:31,3/12/21 14:36,IP Address,*******,100,304,TRUE,3/12/21 14:36,R_3OlesSM1r8DkxaH,*******,*******,*******,*******,*******,*******,anonymous,EN,"Yes, I give my consent to be the subject of the research.",,,White,Male,22,High School Degree or GED,,Yes,Democrat,Liberal,25k-50k,No,,,No,Northeast,Neither Support Nor Oppose,Neither Support Nor Oppose,Strongly disagree,Strongly agree,Neutral,Neutral,Yes,Worse,Yes,,Moderately important,,,,,,,,,,,,,,,,,,,,,,,,,,,,,,,,,,,,,,,,,Yes,Yes,No,No,No,No,No,,Disagree,Neither Agree Nor Disagree,Disagree,,Completely Agree,Completely Disagree,Completely Agree,Linked Fate Treatment
3/12/21 15:53,3/12/21 16:03,IP Address,*******,100,597,TRUE,3/12/21 16:03,R_2wdklkLS93vVNZc,*******,*******,*******,*******,*******,*******,anonymous,EN,"Yes, I give my consent to be the subject of the research.",,,Black or African-American,Male,22,High School Degree or GED,,Yes,Independent,Moderate,300k-500k,No,,,No,Northeast,Neither Support Nor Oppose,Neither Support Nor Oppose,Strongly disagree,Strongly agree,Moderately Hardworking,Moderately Intelligent,Yes,Worse,Yes,,Moderately important,,,,,,,,,,,,,,,,,,,,,Yes,,No,,No,No,,No,,Explain your opinion,idk how much it occurs with non black players so that could be a possibility ,No,,,Disagree,Neither Agree Nor Disagree,Disagree,Completely Agree,Moderately Disagree,Completely Agree,,,,,,,,,,,,,,,,Racial Resentment Treatment
3/12/21 17:42,3/12/21 17:49,IP Address,*******,100,415,TRUE,3/12/21 17:49,R_wXjoBcUipdlccff,*******,*******,*******,*******,*******,*******,anonymous,EN,"Yes, I give my consent to be the subject of the research.",,,"White,Asian or Asian American",Male,19,"Some College, No Diploma",,Yes,Independent,Liberal,300k-500k,No,,,No,Southeast,Somewhat Support,Somewhat Support,Strongly disagree,Somewhat agree,Neutral,Neutral,Yes,Worse,No,,Slightly important,,,,,,,Yes,,Yes,,No,No,,,Agree,Moderately Disagree,Disagree,Completely Agree,Moderately Disagree,Completely Agree,,,,,,,,,,,,,,,,,,,,,,,,,,,,,,,,,,,,Race Neutral Control Group
3/13/21 8:16,3/13/21 8:20,IP Address,*******,100,217,TRUE,3/13/21 8:20,R_1kMmUp6m0hFKrUL,*******,*******,*******,*******,*******,*******,anonymous,EN,"Yes, I give my consent to be the subject of the research.",,,Asian or Asian American,Female,19,High School Degree or GED,,No,Democrat,Liberal,25k-50k,No,,,No,Foreign Country,Neither Support Nor Oppose,Neither Support Nor Oppose,Strongly disagree,Strongly agree,Neutral,Neutral,Yes,Worse,Explain your opinion here.,"There are so many factors at play I can’t just give a yes or no, black or white. ",Extremely important,Disagree,Completely Disagree,Disagree,Completely Agree,Moderately Disagree,Completely Agree,,,,,,,,,,,,,,,,,,,,,,,,,,,,,,,,,,,,,,,,,,,,,,,,,,Retail Control Group
3/13/21 8:46,3/13/21 8:53,IP Address,*******,100,402,TRUE,3/13/21 8:53,R_2E1dfDX1TtRwFCF,*******,*******,*******,*******,*******,*******,anonymous,EN,"Yes, I give my consent to be the subject of the research.",,,White,Male,20,High School Degree or GED,,No,Democrat,Liberal,25k-50k,No,,,No,Foreign Country,Neither Support Nor Oppose,Neither Support Nor Oppose,Strongly disagree,Strongly agree,Neutral,Neutral,No,Worse,Explain your opinion here.,"Too complicated for a yes or no answer, but the way this country is built has favoured white people since the beggining. Given that that system hasn't changed that much-- ",Extremely important,,,,,,,,,,,,,,,,,,,,,Yes,,Yes,,No,,,,,No,,No,,,Disagree,Neither Agree Nor Disagree,Disagree,Completely Agree,Completely Disagree,Moderately Agree,,,,,,,,,,,,,,,,Racial Resentment Treatment
3/13/21 9:10,3/13/21 9:17,IP Address,*******,100,428,TRUE,3/13/21 9:17,R_2f1FgZ61pFL4Vhb,*******,*******,*******,*******,*******,*******,anonymous,EN,"Yes, I give my consent to be the subject of the research.",,,White,Female,22,"Some College, No Diploma",,Yes,Independent,Moderate,50k-100k,No,,,No,Southwest,Somewhat Support,Neither Support Nor Oppose,Somewhat agree,Somewhat disagree,Neutral,Moderately Intelligent,No,Worse,No,,Moderately important,,,,,,,,,,,,,,,,,,,,,,,,,,,,,,,,,,,,,,,,,Yes,Yes,No,Yes,No,No,No,,Disagree,Completely Disagree,"Agree,Disagree",,Moderately Disagree,Moderately Disagree,Moderately Disagree,Linked Fate Treatment
3/14/21 20:42,3/14/21 20:50,IP Address,*******,100,536,TRUE,3/14/21 20:50,R_2E4ZIxCX0Y6bgcb,*******,*******,*******,*******,*******,*******,anonymous,EN,"Yes, I give my consent to be the subject of the research.",,,White,Male,39,High School Degree or GED,,Yes,Democrat,Liberal,50k-100k,No,,,No,Southwest,Strongly Support,Somewhat Oppose,Strongly disagree,Strongly agree,Moderately Hardworking,Moderately Intelligent,Yes,Worse,Yes,,Extremely important,,,,,,,No,,No,,No,No,,No.,Agree,Moderately Disagree,Disagree,Completely Agree,Completely Disagree,Moderately Agree,,,,,,,,,,,,,,,,,,,,,,,,,,,,,,,,,,,,Race Neutral Control Group
3/14/21 20:40,3/14/21 20:54,IP Address,*******,100,856,TRUE,3/14/21 20:54,R_2DSxQdITBzVacVp,*******,*******,*******,*******,*******,*******,anonymous,EN,"Yes, I give my consent to be the subject of the research.",,,Prefer not to say,Prefer Not to Say,47,Bachelor's Degree,Yes,Yes,Independent,Liberal,50k-100k,No,No,,No,Southwest,Somewhat Support,Somewhat Support,Strongly disagree,Strongly agree,Moderately Hardworking,Moderately Intelligent,Yes,Worse,No,,Moderately important,,,,,,,,,,,,,,,,,,,,,,,,,,,,,,,,,,,,,,,,,Yes,Yes,No,No,Yes,No,No,,Disagree,Moderately Disagree,"Disagree,Explain your opinion.","Seeing as a ""cure"" for Covid isn't on the horizon and we've seen how well bubbles and testing work , bo sports until a cure is found is too harsh.",Completely Agree,Moderately Disagree,Moderately Disagree,Linked Fate Treatment
3/14/21 20:58,3/14/21 21:09,IP Address,*******,100,646,TRUE,3/14/21 21:09,R_3Ej0nhuhLYVxOBB,*******,*******,*******,*******,*******,*******,anonymous,EN,"Yes, I give my consent to be the subject of the research.",,,White,Male,27,"Master's Degree (MS, MBA, MED)",No,Yes,Independent,Conservative,50k-100k,No,No,,No,Northwest,Neither Support Nor Oppose,Neither Support Nor Oppose,Somewhat agree,Strongly disagree,Marginally Lazy,Marginally Unintelligent,Yes,Worse,No,,Moderately important,Disagree,Completely Disagree,Agree,Moderately Disagree,Neither Agree Nor Disagree,Moderately Disagree,,,,,,,,,,,,,,,,,,,,,,,,,,,,,,,,,,,,,,,,,,,,,,,,,,Retail Control Group
3/14/21 21:09,3/14/21 21:16,IP Address,*******,100,460,TRUE,3/14/21 21:16,R_1jWi7GaabEOfcDo,*******,*******,*******,*******,*******,*******,anonymous,EN,"Yes, I give my consent to be the subject of the research.",,,White,Male,22,Bachelor's Degree,Yes,Yes,Independent,Liberal,50k-100k,No,No,,Yes,Southwest,Strongly Support,Neither Support Nor Oppose,Strongly disagree,Strongly agree,Neutral,Neutral,No,Worse,No,,Moderately important,,,,,,,,,,,,,,,,,,,,,No,,No,,No,No,,No,,No,,No,,,Disagree,Completely Disagree,Agree,Completely Agree,Completely Disagree,Moderately Disagree,,,,,,,,,,,,,,,,Racial Resentment Treatment
3/14/21 21:33,3/14/21 21:39,IP Address,*******,100,381,TRUE,3/14/21 21:39,R_3I0q0TX3x8Yxw9l,*******,*******,*******,*******,*******,*******,anonymous,EN,"Yes, I give my consent to be the subject of the research.",,,White,Male,25,"Master's Degree (MS, MBA, MED)",Yes,Yes,Democrat,Liberal,100k-300k,No,No,,No,Southwest,Strongly Support,Somewhat Oppose,Strongly disagree,Strongly agree,Neutral,Neutral,Yes,Worse,Explain your opinion here.,"Consistently disenfranchised by gerrymandering, voting laws, Senate/EC makeup, etc.",Very important,,,,,,,,,,,,,,,,,,,,,Yes,,No,,No,No,,No,,Yes,,No,,,Agree,Completely Disagree,Disagree,Completely Agree,Completely Disagree,Moderately Agree,,,,,,,,,,,,,,,,Racial Resentment Treatment
3/14/21 21:44,3/14/21 21:50,IP Address,*******,100,402,TRUE,3/14/21 21:50,R_3dRGZqzGa02z6r1,*******,*******,*******,*******,*******,*******,anonymous,EN,"Yes, I give my consent to be the subject of the research.",,,White,Female,24,Bachelor's Degree,Yes,Yes,Democrat,Moderate,25k-50k,No,No,,No,Southwest,Strongly Support,Neither Support Nor Oppose,Strongly disagree,Somewhat agree,Marginally Hardworking,Extremely Intelligent,No,Worse,No,,Moderately important,,,,,,,,,,,,,,,,,,,,,,,,,,,,,,,,,,,,,,,,,Yes,Yes,No,Yes,Yes,No,No,,Agree,Neither Agree Nor Disagree,Agree,,Neither Agree Nor Disagree,Moderately Disagree,Moderately Disagree,Linked Fate Treatment
3/15/21 0:52,3/15/21 1:01,IP Address,*******,100,540,TRUE,3/15/21 1:01,R_3rOooUeEGU6Roae,*******,*******,*******,*******,*******,*******,anonymous,EN,"Yes, I give my consent to be the subject of the research.",,,White,Male,21,Bachelor's Degree,Yes,Yes,Republican,Conservative,500k+,No,No,,No,West Coast,Neither Support Nor Oppose,Somewhat Oppose,Somewhat agree,Strongly disagree,Neutral,Neutral,No,Worse,No,,Not at all important,,,,,,,"Yes,Explain your opinion.","A college student doesn't just magically have enough money to buy high-end cars, and it's practically an open secret that star athletes are paid ","Yes,Explain your opinion","If he's found to have broken the rules, he should be punished for it. Honestly, being stupid enough to get caught should be the real punishable offense.",No,"Yes,Explain your opinion","If he's this bad at covering things up and has a messy personal life, that's a liability for a professional organization. Look at Manziel if you need an example.",,Disagree,Completely Disagree,Agree,Moderately Agree,Moderately Agree,Completely Disagree,,,,,,,,,,,,,,,,,,,,,,,,,,,,,,,,,,,,Race Neutral Control Group
3/15/21 3:14,3/15/21 3:17,IP Address,*******,100,177,TRUE,3/15/21 3:17,R_272suuRcYtsGk3U,*******,*******,*******,*******,*******,*******,anonymous,EN,"Yes, I give my consent to be the subject of the research.",,,Asian or Asian American,Male,18,"Some High School, No Diploma",,Yes,Republican,Conservative,100k-300k,No,,,No,West Coast,Somewhat Support,Neither Support Nor Oppose,Neither agree nor disagree,Somewhat agree,Neutral,Neutral,Yes,Worse,No,,Moderately important,Agree,Completely Disagree,Disagree,Completely Agree,Neither Agree Nor Disagree,Moderately Agree,,,,,,,,,,,,,,,,,,,,,,,,,,,,,,,,,,,,,,,,,,,,,,,,,,Retail Control Group
3/15/21 18:47,3/15/21 18:52,IP Address,*******,100,298,TRUE,3/15/21 18:52,R_2WISKd4Y0QRwglC,*******,*******,*******,*******,*******,*******,anonymous,EN,"Yes, I give my consent to be the subject of the research.",,,"White,Asian or Asian American",Female,27,Bachelor's Degree,No,Yes,Independent,Liberal,0k-24k,Yes,No,,No,West Coast,Strongly Support,Strongly Oppose,Strongly disagree,Strongly agree,Extremely Hardworking,Extremely Intelligent,Yes,Worse,Yes,,Extremely important,Agree,Completely Disagree,Disagree,Completely Agree,Completely Disagree,Completely Agree,,,,,,,,,,,,,,,,,,,,,,,,,,,,,,,,,,,,,,,,,,,,,,,,,,Retail Control Group
3/15/21 17:33,3/15/21 19:03,IP Address,*******,100,5361,TRUE,3/15/21 19:03,R_WvQH6S1CwebIJBT,*******,*******,*******,*******,*******,*******,anonymous,EN,"Yes, I give my consent to be the subject of the research.",,,Asian or Asian American,Female,57,Bachelor's Degree,No,Yes,Democrat,Moderate,100k-300k,No,No,,Yes,West Coast,Strongly Support,Somewhat Support,Strongly disagree,Strongly agree,Moderately Hardworking,Extremely Intelligent,Yes,Worse,Explain your opinion here.,"It seems the opportunities to Black Americans are fewer than that of White Americans, or access to opportunities should they truly be equally available seem to be more difficult to access either by limited/obscure information dissemination",Extremely important,,,,,,,,,,,,,,,,,,,,,"Yes,Explain your opinion",There seems to be perceived conflict of interest with his father's agency violate the NCAA rules prohibiting athletes from taking monetary gifts,No,,No,No,,"Yes,Explain your opinion","Until NCAA officially changes its rules regarding college athletes receiving compensation, all athletes needs to follow the existing rules.","Yes,Explain your opinion","Perhaps the ""alleged"" compensation could be used by the NCAA as a cover","No,Explain your opinion",No.  ALL citizens are entitled to their 1st Amendment Rights,,Agree,Moderately Disagree,Disagree,Completely Agree,Moderately Disagree,Completely Agree,,,,,,,,,,,,,,,,Racial Resentment Treatment
3/16/21 14:11,3/16/21 14:19,IP Address,*******,100,467,TRUE,3/16/21 14:19,R_3JyeIzGZmQuDRys,*******,*******,*******,*******,*******,*******,anonymous,EN,"Yes, I give my consent to be the subject of the research.",,,White,Female,27,"Some College, No Diploma",No,Yes,Democrat,Liberal,25k-50k,Yes,No,,No,Foreign Country,Neither Support Nor Oppose,Neither Support Nor Oppose,Strongly disagree,Strongly agree,Extremely Hardworking,Moderately Intelligent,No,Worse,Explain your opinion here.,"Black voter suppression, huge socioeconomic differences, educational divide",Extremely important,,,,,,,,,,,,,,,,,,,,,,,,,,,,,,,,,,,,,,,,,Yes,No,No,Yes,Yes,No,No,,Agree,Completely Agree,"Disagree,Explain your opinion.",Safety first,Completely Agree,Moderately Disagree,Completely Agree,Linked Fate Treatment
3/16/21 14:21,3/16/21 14:24,IP Address,*******,100,175,TRUE,3/16/21 14:24,R_3qD7bEDJJQJPoRX,*******,*******,*******,*******,*******,*******,anonymous,EN,"Yes, I give my consent to be the subject of the research.",,,White,Female,24,"Master's Degree (MS, MBA, MED)",No,Yes,Democrat,Liberal,25k-50k,No,No,,No,,Neither Support Nor Oppose,Neither Support Nor Oppose,Strongly disagree,Strongly agree,Extremely Hardworking,Extremely Intelligent,Yes,Worse,Yes,,Moderately important,,,,,,,Yes,,Yes,,No,Yes,,,Disagree,Moderately Disagree,Disagree,Completely Agree,Completely Disagree,Completely Agree,,,,,,,,,,,,,,,,,,,,,,,,,,,,,,,,,,,,Race Neutral Control Group
3/16/21 14:26,3/16/21 14:29,IP Address,*******,100,207,TRUE,3/16/21 14:29,R_sGO5FCrbQRLzytH,*******,*******,*******,*******,*******,*******,anonymous,EN,"Yes, I give my consent to be the subject of the research.",,,"White,Hispanic/Latinx",Female,21,"Some College, No Diploma",No,Yes,Republican,Conservative,50k-100k,No,No,,No,Midwest,Somewhat Support,Somewhat Support,Strongly disagree,Neither agree nor disagree,Moderately Hardworking,Moderately Intelligent,Yes,Worse,Explain your opinion here.,I do not know of I am educated enough on this topic to answer this questions,Moderately important,Disagree,Completely Disagree,Disagree,Completely Disagree,Moderately Disagree,Moderately Agree,,,,,,,,,,,,,,,,,,,,,,,,,,,,,,,,,,,,,,,,,,,,,,,,,,Retail Control Group
3/16/21 21:04,3/16/21 21:09,IP Address,*******,100,322,TRUE,3/16/21 21:09,R_1cS4zdKeuw42o4X,*******,*******,*******,*******,*******,*******,anonymous,EN,"Yes, I give my consent to be the subject of the research.",,,White,Female,22,Bachelor's Degree,Yes,Yes,Democrat,Moderate,100k-300k,No,No,,Yes,Northeast,Strongly Support,Somewhat Support,Strongly disagree,Somewhat agree,Extremely Hardworking,Extremely Intelligent,No,Worse,Explain your opinion here.,I am unsure ,Very important,,,,,,,No,,No,,No,No,,,Disagree,Completely Disagree,Disagree,Completely Agree,Completely Disagree,Completely Agree,,,,,,,,,,,,,,,,,,,,,,,,,,,,,,,,,,,,Race Neutral Control Group
3/17/21 0:02,3/17/21 0:15,IP Address,*******,100,801,TRUE,3/17/21 0:15,R_1QyJMFrGIhsAPLG,*******,*******,*******,*******,*******,*******,anonymous,EN,"Yes, I give my consent to be the subject of the research.",,,White,Female,24,Bachelor's Degree,No,Yes,Democrat,Liberal,25k-50k,No,No,,No,Foreign Country,Neither Support Nor Oppose,Neither Support Nor Oppose,Strongly disagree,Somewhat agree,Extremely Hardworking,Extremely Intelligent,Yes,Worse,Explain your opinion here.,"Black Americans are marginalized  and suffer from systemic injustice. The system seems to be fair, but it fails to make everyone equal.",Moderately important,,,,,,,,,,,,,,,,,,,,,,,,,,,,,,,,,,,,,,,,,Yes,Yes,No,No,No,Yes,No,,Agree,Moderately Disagree,"Agree,Explain your opinion.",It is equally as difficult to preserve the anti-COVID precautionary measures during games as in everyday life.,Completely Agree,Completely Disagree,Moderately Disagree,Linked Fate Treatment
3/10/21 21:14,3/10/21 21:15,IP Address,*******,1,40,FALSE,3/17/21 22:15,R_3MPr7Zt568pBiIS,*******,*******,*******,*******,*******,*******,anonymous,EN,"Yes, I give my consent to be the subject of the research.",,,,,,,,,,,,,,,,,,,,,,,,,,,,,,,,,,,,,,,,,,,,,,,,,,,,,,,,,,,,,,,,,,,,,,,,,,,,,,,,,,,
3/10/21 21:25,3/10/21 21:27,IP Address,*******,23,115,FALSE,3/17/21 22:27,R_VJbR6fWvRzj5105,*******,*******,*******,*******,*******,*******,anonymous,EN,"Yes, I give my consent to be the subject of the research.",,,"White,Black or African-American",Female,22,Bachelor's Degree,,Yes,Democrat,Liberal,0k-24k,No,,,No,Northeast,Strongly Support,Neither Support Nor Oppose,Strongly disagree,,,,,,,,,,,,,,,,,,,,,,,,,,,,,,,,,,,,,,,,,,,,,,,,,,,,,,,,,,,,,,,,
3/10/21 21:27,3/10/21 21:27,IP Address,*******,1,6,FALSE,3/17/21 22:27,R_1IGG4NydP37Ylr6,*******,*******,*******,*******,*******,*******,anonymous,EN,"Yes, I give my consent to be the subject of the research.",,,,,,,,,,,,,,,,,,,,,,,,,,,,,,,,,,,,,,,,,,,,,,,,,,,,,,,,,,,,,,,,,,,,,,,,,,,,,,,,,,,
3/10/21 21:31,3/10/21 21:31,IP Address,*******,1,29,FALSE,3/17/21 22:31,R_D8YKwGOdtQPv3Nf,*******,*******,*******,*******,*******,*******,anonymous,EN,"Yes, I give my consent to be the subject of the research.",,,,,,,,,,,,,,,,,,,,,,,,,,,,,,,,,,,,,,,,,,,,,,,,,,,,,,,,,,,,,,,,,,,,,,,,,,,,,,,,,,,
3/10/21 21:33,3/10/21 21:34,IP Address,*******,1,67,FALSE,3/17/21 22:34,R_TcPzrHXzLp2Xd7z,*******,*******,*******,*******,*******,*******,anonymous,EN,"Yes, I give my consent to be the subject of the research.",,,,,,,,,,,,,,,,,,,,,,,,,,,,,,,,,,,,,,,,,,,,,,,,,,,,,,,,,,,,,,,,,,,,,,,,,,,,,,,,,,,
3/10/21 21:36,3/10/21 21:36,IP Address,*******,1,9,FALSE,3/17/21 22:36,R_31mWEc1xyRAqC10,*******,*******,*******,*******,*******,*******,anonymous,EN,"Yes, I give my consent to be the subject of the research.",,,,,,,,,,,,,,,,,,,,,,,,,,,,,,,,,,,,,,,,,,,,,,,,,,,,,,,,,,,,,,,,,,,,,,,,,,,,,,,,,,,
3/10/21 22:08,3/10/21 22:10,IP Address,*******,18,81,FALSE,3/17/21 23:10,R_3dL0nJRIhQvLvUV,*******,*******,*******,*******,*******,*******,anonymous,EN,"Yes, I give my consent to be the subject of the research.",,,Black or African-American,Female,19,High School Degree or GED,,Yes,Democrat,Liberal,25k-50k,No,,,No,,,,,,,,,,,,,,,,,,,,,,,,,,,,,,,,,,,,,,,,,,,,,,,,,,,,,,,,,,,,,,,,,,,,
3/10/21 22:17,3/10/21 22:18,IP Address,*******,2,32,FALSE,3/17/21 23:18,R_9nW5wZSkeoEDSQV,*******,*******,*******,*******,*******,*******,anonymous,EN,"Yes, I give my consent to be the subject of the research.",,,,,,,,,,,,,,,,,,,,,,,,,,,,,,,,,,,,,,,,,,,,,,,,,,,,,,,,,,,,,,,,,,,,,,,,,,,,,,,,,,,
3/10/21 22:20,3/10/21 22:22,IP Address,*******,18,79,FALSE,3/17/21 23:22,R_3P842kMQT3w691B,*******,*******,*******,*******,*******,*******,anonymous,EN,"Yes, I give my consent to be the subject of the research.",,,,,,High School Degree or GED,,Yes,Democrat,Liberal,0k-24k,No,,,No,,,,,,,,,,,,,,,,,,,,,,,,,,,,,,,,,,,,,,,,,,,,,,,,,,,,,,,,,,,,,,,,,,,,
3/10/21 23:48,3/10/21 23:49,IP Address,*******,1,67,FALSE,3/18/21 0:49,R_3hFLMClfxyHrRr1,*******,*******,*******,*******,*******,*******,anonymous,EN,"Yes, I give my consent to be the subject of the research.",,,,,,,,,,,,,,,,,,,,,,,,,,,,,,,,,,,,,,,,,,,,,,,,,,,,,,,,,,,,,,,,,,,,,,,,,,,,,,,,,,,
3/10/21 23:59,3/11/21 0:02,IP Address,*******,23,160,FALSE,3/18/21 1:02,R_d0ToG7jOYV9lSs9,*******,*******,*******,*******,*******,*******,anonymous,EN,"Yes, I give my consent to be the subject of the research.",,,Black or African-American,Female,18,"Some College, No Diploma",,Yes,Democrat,Conservative,50k-100k,No,,,No,Northeast,Strongly Support,Somewhat Support,Strongly disagree,,,,,,,,,,,,,,,,,,,,,,,,,,,,,,,,,,,,,,,,,,,,,,,,,,,,,,,,,,,,,,,,
3/11/21 2:56,3/11/21 2:59,IP Address,*******,27,215,FALSE,3/18/21 3:59,R_cZnvSc7JhCXIXhn,*******,*******,*******,*******,*******,*******,anonymous,EN,"Yes, I give my consent to be the subject of the research.",,,White,Female,37,"Master's Degree (MS, MBA, MED)",,Yes,Republican,Moderate,300k-500k,No,,,Yes,Northeast,Somewhat Support,Somewhat Support,Neither agree nor disagree,Neither agree nor disagree,Neutral,Extremely Intelligent,,,,,,,,,,,,,,,,,,,,,,,,,,,,,,,,,,,,,,,,,,,,,,,,,,,,,,,,,,,,,
3/11/21 4:38,3/11/21 4:39,IP Address,*******,1,71,FALSE,3/18/21 5:39,R_3QKOEF4Q7Z3EVd8,*******,*******,*******,*******,*******,*******,anonymous,EN,"Yes, I give my consent to be the subject of the research.",,,,,,,,,,,,,,,,,,,,,,,,,,,,,,,,,,,,,,,,,,,,,,,,,,,,,,,,,,,,,,,,,,,,,,,,,,,,,,,,,,,
3/11/21 5:32,3/11/21 5:33,IP Address,*******,23,84,FALSE,3/18/21 6:33,R_3hg8ha2qVnJ3mCr,*******,*******,*******,*******,*******,*******,anonymous,EN,"Yes, I give my consent to be the subject of the research.",Insert Below,philipjs,White,,21,Bachelor's Degree,,Yes,Democrat,Moderate,50k-100k,No,,,Yes,Northeast,Strongly Support,Somewhat Oppose,Somewhat disagree,,,,,,,,,,,,,,,,,,,,,,,,,,,,,,,,,,,,,,,,,,,,,,,,,,,,,,,,,,,,,,,,
3/11/21 5:58,3/11/21 6:00,IP Address,*******,23,141,FALSE,3/18/21 7:00,R_3G1EEhWV4Nh2wTG,*******,*******,*******,*******,*******,*******,anonymous,EN,"Yes, I give my consent to be the subject of the research.",,,White,Male,22,Bachelor's Degree,,Yes,Republican,Moderate,50k-100k,No,,,Yes,Foreign Country,Strongly Support,Neither Support Nor Oppose,Neither agree nor disagree,,,,,,,,,,,,,,,,,,,,,,,,,,,,,,,,,,,,,,,,,,,,,,,,,,,,,,,,,,,,,,,,
3/11/21 6:39,3/11/21 6:41,IP Address,*******,22,86,FALSE,3/18/21 7:41,R_1hMFt6HxK65Xko0,*******,*******,*******,*******,*******,*******,anonymous,EN,"Yes, I give my consent to be the subject of the research.",,,Black or African-American,,23,Bachelor's Degree,,Yes,Democrat,Liberal,50k-100k,No,,,Yes,Mid Atlantic,Strongly Support,Strongly Support,,,,,,,,,,,,,,,,,,,,,,,,,,,,,,,,,,,,,,,,,,,,,,,,,,,,,,,,,,,,,,,,,
3/11/21 6:45,3/11/21 6:45,IP Address,*******,1,15,FALSE,3/18/21 7:45,R_3PcLi2IDojWg6oQ,*******,*******,*******,*******,*******,*******,anonymous,EN,"Yes, I give my consent to be the subject of the research.",,,,,,,,,,,,,,,,,,,,,,,,,,,,,,,,,,,,,,,,,,,,,,,,,,,,,,,,,,,,,,,,,,,,,,,,,,,,,,,,,,,
3/11/21 7:01,3/11/21 7:07,IP Address,*******,85,382,FALSE,3/18/21 8:07,R_1KgcEbRNOodVfvP,*******,*******,*******,*******,*******,*******,anonymous,EN,"Yes, I give my consent to be the subject of the research.",,,White,Female,21,High School Degree or GED,,Yes,Democrat,Liberal,300k-500k,No,,,Yes,Northeast,Strongly Support,Somewhat Oppose,Strongly disagree,Strongly agree,Neutral,Neutral,Yes,Worse,Yes,,Extremely important,,,,,,,,,,,,,,,,,,,,,,,,,,,,,,,,,,,,,,,,,,,,,,,,,,,,,,,,
3/11/21 7:51,3/11/21 7:51,IP Address,*******,1,10,FALSE,3/18/21 8:51,R_3q9fDEIlKrCJqa9,*******,*******,*******,*******,*******,*******,anonymous,EN,"Yes, I give my consent to be the subject of the research.",,,,,,,,,,,,,,,,,,,,,,,,,,,,,,,,,,,,,,,,,,,,,,,,,,,,,,,,,,,,,,,,,,,,,,,,,,,,,,,,,,,
3/11/21 8:00,3/11/21 8:04,IP Address,*******,99,254,FALSE,3/18/21 9:04,R_2WxwZZCJzTEjF4l,*******,*******,*******,*******,*******,*******,anonymous,EN,"Yes, I give my consent to be the subject of the research.",,,"Black or African-American,Asian or Asian American",Female,21,Bachelor's Degree,,Yes,Democrat,Liberal,300k-500k,No,,,No,Northeast,Neither Support Nor Oppose,Neither Support Nor Oppose,Strongly disagree,Strongly agree,Extremely Hardworking,Extremely Intelligent,Yes,Worse,Yes,,Extremely important,Agree,Neither Agree Nor Disagree,Disagree,Completely Agree,Neither Agree Nor Disagree,Completely Agree,,,,,,,,,,,,,,,,,,,,,,,,,,,,,,,,,,,,,,,,,,,,,,,,,,
3/11/21 8:06,3/11/21 8:06,IP Address,*******,6,20,FALSE,3/18/21 9:06,R_2ql3w477VRFjtLZ,*******,*******,*******,*******,*******,*******,anonymous,EN,"Yes, I give my consent to be the subject of the research.",,,Hispanic/Latinx,Prefer Not to Say,,,,,,,,,,,,,,,,,,,,,,,,,,,,,,,,,,,,,,,,,,,,,,,,,,,,,,,,,,,,,,,,,,,,,,,,,,,,,,,
3/11/21 8:15,3/11/21 8:15,IP Address,*******,1,7,FALSE,3/18/21 9:15,R_2aLEmcIwIQVSGuF,*******,*******,*******,*******,*******,*******,anonymous,EN,"Yes, I give my consent to be the subject of the research.",,,,,,,,,,,,,,,,,,,,,,,,,,,,,,,,,,,,,,,,,,,,,,,,,,,,,,,,,,,,,,,,,,,,,,,,,,,,,,,,,,,
3/11/21 10:01,3/11/21 10:03,IP Address,*******,1,161,FALSE,3/18/21 11:03,R_1KqbHde8XwYOmZk,*******,*******,*******,*******,*******,*******,anonymous,EN,"Yes, I give my consent to be the subject of the research.",,,,,,,,,,,,,,,,,,,,,,,,,,,,,,,,,,,,,,,,,,,,,,,,,,,,,,,,,,,,,,,,,,,,,,,,,,,,,,,,,,,
3/11/21 12:22,3/11/21 12:23,IP Address,*******,16,67,FALSE,3/18/21 13:23,R_XTZJXQZNO3lRCY9,*******,*******,*******,*******,*******,*******,anonymous,EN,"Yes, I give my consent to be the subject of the research.",Insert Below,,White,Male,17,"Some High School, No Diploma",,No,Independent,Liberal,500k+,No,,,,,,,,,,,,,,,,,,,,,,,,,,,,,,,,,,,,,,,,,,,,,,,,,,,,,,,,,,,,,,,,,,,,,,,
3/11/21 12:58,3/11/21 12:59,IP Address,*******,1,42,FALSE,3/18/21 13:59,R_CfYxwnMpXW71ljr,*******,*******,*******,*******,*******,*******,anonymous,EN,"Yes, I give my consent to be the subject of the research.",,,,,,,,,,,,,,,,,,,,,,,,,,,,,,,,,,,,,,,,,,,,,,,,,,,,,,,,,,,,,,,,,,,,,,,,,,,,,,,,,,,
3/11/21 20:39,3/12/21 7:13,IP Address,*******,80,38029,FALSE,3/19/21 8:13,R_3r03HRjLFLMUah7,*******,*******,*******,*******,*******,*******,anonymous,EN,"Yes, I give my consent to be the subject of the research.",,,Asian or Asian American,Female,22,Bachelor's Degree,,Yes,Democrat,Liberal,300k-500k,No,,,No,Northeast,Somewhat Support,Neither Support Nor Oppose,Strongly disagree,Strongly agree,,,Yes,Worse,Yes,,Extremely important,,,,,,,,,,,,,,,,,,,,,,,,,,,,,,,,,,,,,,,,,,,,,,,,,,,,,,,,
3/12/21 9:30,3/12/21 9:31,IP Address,*******,12,69,FALSE,3/19/21 10:31,R_2QDprL5X6nGD67z,*******,*******,*******,*******,*******,*******,anonymous,EN,"Yes, I give my consent to be the subject of the research.",,,White,,20,"Some College, No Diploma",,Yes,Independent,Moderate,,,,,,,,,,,,,,,,,,,,,,,,,,,,,,,,,,,,,,,,,,,,,,,,,,,,,,,,,,,,,,,,,,,,,,,,,
3/12/21 9:30,3/12/21 9:33,IP Address,*******,79,167,FALSE,3/19/21 10:33,R_3J9PpXuGr54fDug,*******,*******,*******,*******,*******,*******,anonymous,EN,"Yes, I give my consent to be the subject of the research.",,,White,Female,20,"Some College, No Diploma",,Yes,Independent,Moderate,50k-100k,No,,,No,Northeast,Somewhat Support,Somewhat Support,Strongly disagree,Somewhat agree,Moderately Hardworking,Extremely Intelligent,No,Worse,No,,Very important,,,,,,,,,,,,,,,,,,,,,,,,,,,,,,,,,,,,,,,,,,,,,,,,,,,,,,,,
3/12/21 9:32,3/12/21 9:40,IP Address,*******,23,474,FALSE,3/19/21 10:40,R_OrIMZ0RWaNctDLX,*******,*******,*******,*******,*******,*******,anonymous,EN,"Yes, I give my consent to be the subject of the research.",,,"White,Black or African-American",Male,19,"Some College, No Diploma",,Yes,Independent,Conservative,50k-100k,No,,,No,Mid Atlantic,Strongly Support,Strongly Support,Somewhat agree,,,,,,,,,,,,,,,,,,,,,,,,,,,,,,,,,,,,,,,,,,,,,,,,,,,,,,,,,,,,,,,,
3/12/21 9:35,3/12/21 9:45,IP Address,*******,23,550,FALSE,3/19/21 10:45,R_DwVlSmXtaJIJ9vj,*******,*******,*******,*******,*******,*******,anonymous,EN,"Yes, I give my consent to be the subject of the research.",,,"White,Black or African-American",Female,19,"Some College, No Diploma",,Yes,Democrat,Liberal,,No,,,No,Southwest,Somewhat Support,Somewhat Oppose,Strongly disagree,,,,,,,,,,,,,,,,,,,,,,,,,,,,,,,,,,,,,,,,,,,,,,,,,,,,,,,,,,,,,,,,
3/12/21 9:37,3/12/21 9:48,IP Address,*******,23,634,FALSE,3/19/21 10:48,R_3oADvOJ6jGG6hJ8,*******,*******,*******,*******,*******,*******,anonymous,EN,"Yes, I give my consent to be the subject of the research.",,,White,Male,18,High School Degree or GED,,Yes,Democrat,Moderate,300k-500k,No,,,No,Northeast,Somewhat Support,Somewhat Oppose,Neither agree nor disagree,,,,,,,,,,,,,,,,,,,,,,,,,,,,,,,,,,,,,,,,,,,,,,,,,,,,,,,,,,,,,,,,
3/12/21 10:04,3/12/21 10:06,IP Address,*******,83,115,FALSE,3/19/21 11:06,R_2zjxOuKhCsrh4bj,*******,*******,*******,*******,*******,*******,anonymous,EN,"Yes, I give my consent to be the subject of the research.",,,Asian or Asian American,Female,20,"Some College, No Diploma",,Yes,Democrat,Moderate,50k-100k,No,,,No,Northeast,Neither Support Nor Oppose,Neither Support Nor Oppose,Strongly disagree,Somewhat agree,Moderately Hardworking,Moderately Intelligent,Yes,Worse,Yes,,Very important,,,,,,,,,,,,,,,,,,,,,,,,,,,,,,,,,,,,,,,,,,,,,,,,,,,,,,,,
3/12/21 10:48,3/12/21 10:50,IP Address,*******,90,120,FALSE,3/19/21 11:50,R_3shtwI6VwVaxNvC,*******,*******,*******,*******,*******,*******,anonymous,EN,"Yes, I give my consent to be the subject of the research.",,,Asian or Asian American,Female,22,"Some College, No Diploma",,No,Democrat,Liberal,50k-100k,No,,,No,Northwest,Strongly Support,Neither Support Nor Oppose,Strongly disagree,Strongly agree,Neutral,Neutral,Yes,Worse,Yes,,Moderately important,,,,,,,,,,,,,,,,,,,,,,,,,,,,,,,,,,,,,,,,,,,,,,,,,,,,,,,,
3/12/21 11:17,3/12/21 11:19,IP Address,*******,22,135,FALSE,3/19/21 12:19,R_C9sdrENccBHVe3T,*******,*******,*******,*******,*******,*******,anonymous,EN,"Yes, I give my consent to be the subject of the research.",,,Hispanic/Latinx,Male,21,High School Degree or GED,,Yes,Democrat,Liberal,0k-24k,No,,,No,Midwest,Somewhat Support,Neither Support Nor Oppose,,,,,,,,,,,,,,,,,,,,,,,,,,,,,,,,,,,,,,,,,,,,,,,,,,,,,,,,,,,,,,,,,
3/12/21 11:44,3/12/21 11:46,IP Address,*******,23,122,FALSE,3/19/21 12:46,R_d0G8uNxDZTAKytP,*******,*******,*******,*******,*******,*******,anonymous,EN,"Yes, I give my consent to be the subject of the research.",Insert Below,meadler,White,Female,21,"Some College, No Diploma",,Yes,Independent,Moderate,25k-50k,No,,,No,Northwest,Somewhat Support,Neither Support Nor Oppose,Neither agree nor disagree,,,,,,,,,,,,,,,,,,,,,,,,,,,,,,,,,,,,,,,,,,,,,,,,,,,,,,,,,,,,,,,,
3/12/21 13:52,3/12/21 13:53,IP Address,*******,2,8,FALSE,3/19/21 14:53,R_Zr5eZ9VFh3hF117,*******,*******,*******,*******,*******,*******,anonymous,EN,"Yes, I give my consent to be the subject of the research.",,,,,,,,,,,,,,,,,,,,,,,,,,,,,,,,,,,,,,,,,,,,,,,,,,,,,,,,,,,,,,,,,,,,,,,,,,,,,,,,,,,
3/12/21 20:45,3/12/21 20:51,IP Address,*******,23,362,FALSE,3/19/21 21:51,R_9HxNYZ5lM18ZjSp,*******,*******,*******,*******,*******,*******,anonymous,EN,"Yes, I give my consent to be the subject of the research.",,,Hispanic/Latinx,Female,19,"Some College, No Diploma",,Yes,Democrat,Liberal,25k-50k,No,,,No,Southeast,Neither Support Nor Oppose,Neither Support Nor Oppose,Strongly disagree,,,,,,,,,,,,,,,,,,,,,,,,,,,,,,,,,,,,,,,,,,,,,,,,,,,,,,,,,,,,,,,,
3/13/21 13:29,3/13/21 13:29,IP Address,*******,1,17,FALSE,3/20/21 14:30,R_2czN8qiQhuJZBlW,*******,*******,*******,*******,*******,*******,anonymous,EN,"Yes, I give my consent to be the subject of the research.",,,,,,,,,,,,,,,,,,,,,,,,,,,,,,,,,,,,,,,,,,,,,,,,,,,,,,,,,,,,,,,,,,,,,,,,,,,,,,,,,,,
3/14/21 20:34,3/14/21 20:35,IP Address,*******,7,21,FALSE,3/21/21 20:35,R_1PXVx2pr1mq7e1j,*******,*******,*******,*******,*******,*******,anonymous,EN,"Yes, I give my consent to be the subject of the research.",,,Hispanic/Latinx,Prefer Not to Say,,Bachelor's Degree,,,,,,,,,,,,,,,,,,,,,,,,,,,,,,,,,,,,,,,,,,,,,,,,,,,,,,,,,,,,,,,,,,,,,,,,,,,,,
3/14/21 21:53,3/14/21 21:54,IP Address,*******,6,19,FALSE,3/21/21 21:54,R_ZErWOhZtM8P8s6t,*******,*******,*******,*******,*******,*******,anonymous,EN,"Yes, I give my consent to be the subject of the research.",,,White,,,,,,,,,,,,,,,,,,,,,,,,,,,,,,,,,,,,,,,,,,,,,,,,,,,,,,,,,,,,,,,,,,,,,,,,,,,,,,,,
3/14/21 22:16,3/14/21 22:16,IP Address,*******,1,13,FALSE,3/21/21 22:16,R_9FfMlvE8LdjHJfz,*******,*******,*******,*******,*******,*******,anonymous,EN,"Yes, I give my consent to be the subject of the research.",,,,,,,,,,,,,,,,,,,,,,,,,,,,,,,,,,,,,,,,,,,,,,,,,,,,,,,,,,,,,,,,,,,,,,,,,,,,,,,,,,,
3/15/21 4:53,3/15/21 4:53,IP Address,*******,1,11,FALSE,3/22/21 4:53,R_3O6YLGQGpQCwL3x,*******,*******,*******,*******,*******,*******,anonymous,EN,"Yes, I give my consent to be the subject of the research.",,,,,,,,,,,,,,,,,,,,,,,,,,,,,,,,,,,,,,,,,,,,,,,,,,,,,,,,,,,,,,,,,,,,,,,,,,,,,,,,,,,
3/16/21 14:33,3/16/21 14:35,IP Address,*******,98,115,FALSE,3/23/21 14:35,R_2VO7ue9iGqHgCug,*******,*******,*******,*******,*******,*******,anonymous,EN,"Yes, I give my consent to be the subject of the research.",,,"White,Hispanic/Latinx",Female,21,"Some College, No Diploma",No,Yes,Republican,Conservative,50k-100k,No,No,,No,Midwest,Somewhat Support,Somewhat Support,Strongly disagree,,,,,,,,,,,,,,,,,,,,,,,,,,,,,,,,,,,,,,,,,,,,,,,,,,,,,,,,,,,,,,,,
3/16/21 22:06,3/16/21 22:10,IP Address,*******,99,247,FALSE,3/23/21 22:10,R_RawtZyj1zUELwUp,*******,*******,*******,*******,*******,*******,anonymous,EN,"Yes, I give my consent to be the subject of the research.",,,Hispanic/Latinx,Female,25,"Master's Degree (MS, MBA, MED)",No,Yes,Democrat,Liberal,500k+,No,No,,No,Midwest,Neither Support Nor Oppose,Neither Support Nor Oppose,Strongly disagree,Somewhat agree,Extremely Hardworking,Extremely Intelligent,Yes,Worse,Explain your opinion here.,Racism,Extremely important,,,,,,,,,,,,,,,,,,,,,,,,,,,,,,,,,,,,,,,,,Yes,Yes,No,Yes,Yes,Yes,No,,Disagree,Neither Agree Nor Disagree,"Disagree,Explain your opinion.",Not safe ,Completely Agree,Completely Disagree,Completely Agree,
3/16/21 22:18,3/16/21 22:19,IP Address,*******,18,77,FALSE,3/23/21 22:19,R_1llDnIY3WL26Lu2,*******,*******,*******,*******,*******,*******,anonymous,EN,"Yes, I give my consent to be the subject of the research.",,,Asian or Asian American,Male,18,High School Degree or GED,,Yes,Democrat,Moderate,0k-24k,No,,,Yes,,,,,,,,,,,,,,,,,,,,,,,,,,,,,,,,,,,,,,,,,,,,,,,,,,,,,,,,,,,,,,,,,,,,
3/17/21 8:41,3/17/21 8:42,IP Address,*******,9,80,FALSE,3/24/21 8:42,R_sHYaQfSr8BGtTFf,*******,*******,*******,*******,*******,*******,anonymous,EN,"Yes, I give my consent to be the subject of the research.",,,White,Male,25,Bachelor's Degree,No,,,,,,,,,,,,,,,,,,,,,,,,,,,,,,,,,,,,,,,,,,,,,,,,,,,,,,,,,,,,,,,,,,,,,,,,,,,,
3/24/21 8:58,3/24/21 9:03,IP Address,*******,100,348,TRUE,3/24/21 9:03,R_578ghPP6zRgHjqh,*******,*******,*******,*******,*******,*******,anonymous,EN,"Yes, I give my consent to be the subject of the research.",,,"White,Black or African-American",Male,24,Bachelor's Degree,No,Yes,Democrat,Liberal,50k-100k,Yes,Yes,Basketball,Yes,Midwest,Strongly Support,Somewhat Oppose,Strongly disagree,Strongly agree,Marginally Lazy,Moderately Intelligent,Yes,Worse,Yes,,Extremely important,,,,,,,,,,,,,,,,,,,,,No,,No,,No,No,,No,,Yes,,No,,,Agree,Neither Agree Nor Disagree,Disagree,Completely Agree,Completely Disagree,Moderately Disagree,,,,,,,,,,,,,,,,Racial Resentment Treatment
3/17/21 11:24,3/17/21 11:25,IP Address,*******,18,88,FALSE,3/24/21 11:25,R_2TXiN2gxrKDLhBC,*******,*******,*******,*******,*******,*******,anonymous,EN,"Yes, I give my consent to be the subject of the research.",,,White,,25,"Master's Degree (MS, MBA, MED)",No,Yes,Republican,Moderate,50k-100k,No,No,,No,,,,,,,,,,,,,,,,,,,,,,,,,,,,,,,,,,,,,,,,,,,,,,,,,,,,,,,,,,,,,,,,,,,,
3/17/21 13:56,3/17/21 13:56,IP Address,*******,6,26,FALSE,3/24/21 13:56,R_2YM3QpI9tfKpyMQ,*******,*******,*******,*******,*******,*******,anonymous,EN,"Yes, I give my consent to be the subject of the research.",,,White,Female,20,,,,,,,,,,,,,,,,,,,,,,,,,,,,,,,,,,,,,,,,,,,,,,,,,,,,,,,,,,,,,,,,,,,,,,,,,,,,,,
